TeamID,AST,BLK,DRB,ORB,PTS,STL,TOV,TS,Team,Year,aAST,aBLK,aDRB,aORB,aPTS,aSTL,aTOV,aTS,PAG,PPG,W,Ring
0,0.260926534,0.077638528,0.292707272,-0.025481852,3.066586546,-0.063418318,-0.091954175,2.50258581,Phoenix Suns,2005,-0.005341158,-0.081214208,0.1465957,0.355091601,1.501491053,0.015308139,-0.08331252,-1.080079557,1.062757202,1.135919333,62,0
1,0.372588584,-0.118485842,0.010689017,0.054685773,1.513490592,0.082601286,-0.166395542,0.709508996,Sacramento Kings,2005,0.030425523,-0.048308863,0.12084369,0.167674197,1.075067594,0.008154803,0.021126186,0.17449347,1.04526749,1.0669822,50,0
2,-0.19287949,0.089091046,0.118056373,0.007444137,1.230595154,0.131274487,-0.124880165,0.956945599,Dallas Mavericks,2005,-0.043969172,0.000333822,0.027850322,0.12475418,-0.108107356,-0.046210551,0.126995559,-0.667970944,0.995884774,1.054635251,58,0
3,0.064802164,0.107701388,0.27409693,-0.140007032,1.009936713,-0.126407167,-0.089091046,1.774956422,Miami Heat,2005,-0.17845189,-0.192806251,-0.072296383,-0.089845901,-0.534530815,-0.007582536,-0.149123212,-1.248864597,0.977366255,1.044346126,59,0
4,0.093433459,0.034691586,-0.013647584,-0.108512608,0.944870762,0.072580333,0.154274961,1.322635983,Boston Celtics,2005,0.163477573,0.004625824,-0.029376367,0.077542163,0.789784294,0.139776186,0.125564892,0.202697057,1.032921811,1.042288301,45,0
5,-0.260163033,-0.074107335,-0.105267728,0.212157895,0.766646636,0.142727005,-0.024670632,-0.403507965,Washington Wizards,2005,0.20067492,0.018932496,0.089369012,0.046067484,0.894888667,-0.043349216,0.167054241,0.734080489,1.037037037,1.034057002,45,0
6,-0.106985605,-0.117054277,-0.005058195,-0.201564316,0.588422511,0.006728354,-0.146353636,0.610595725,Toronto Raptors,2005,0.099097549,-0.055462199,0.389809125,0.008870137,1.024016898,-0.156371926,-0.010348493,0.833274971,1.043209877,1.025825702,33,0
7,0.305305041,0.129174859,0.036457182,-0.025481852,0.540330286,0.191400206,0.049770734,0.319251246,Denver Nuggets,2005,0.047593529,0.084743188,-0.009347026,-0.014020539,0.075074553,0.028184144,0.21855826,-0.076724149,1.00308642,1.023767877,49,0
8,-0.231531738,0.060459751,0.138098279,0.076159244,0.537501332,0.023907131,0.190064079,0.005617186,Orlando Magic,2005,0.003242846,-0.064046202,-0.027945699,0.056082155,1.123115307,0.116885511,0.001096845,0.175507842,1.047325103,1.023767877,36,0
9,-0.049723015,-0.111328018,0.126645761,-0.108512608,0.446974792,0.199989595,0.121348972,-0.099271881,Philadelphia 76ers,2005,0.19066025,-0.022556853,0.308261094,-0.046925884,0.657653081,0.092564168,0.292952955,0.465469097,1.027777778,1.019652228,43,0
10,-0.368961954,-0.086991418,-0.195456307,0.080453939,0.404540476,-0.090618048,-0.109132952,0.982240808,Oklahoma City Thunder,2005,-0.066859847,-0.012542183,-0.39133517,-0.078400563,-0.135134195,-0.154941259,-0.149123212,0.777908012,0.99382716,1.017594403,52,0
11,-0.104122476,-0.078402029,0.090856643,0.061843597,0.353619297,-0.155038462,-0.018944373,0.326579151,Los Angeles Lakers,2005,0.366632316,0.030377834,0.007820981,0.054651487,1.105097415,0.015308139,-0.320803277,0.424872647,1.046296296,1.015536578,34,0
12,0.094865024,0.030396891,-0.016510713,0.120537752,0.350790343,0.036791214,-0.110564517,-1.030483717,Golden State Warriors,2005,0.162046906,0.026085832,0.462773153,0.103294172,0.903897614,-0.066239892,0.096951548,0.24422519,1.038065844,1.015536578,34,0
13,-0.114143429,-0.198653468,-0.078067997,-0.028344982,0.019802681,0.018180872,0.021139439,0.126030759,New York Knicks,2005,-0.068290515,-0.01397285,0.000667645,-0.022604542,0.621617296,-0.020458541,0.008250181,1.235448546,1.025720165,1.001131804,33,0
14,-0.035407368,-0.15713809,-0.060889221,0.000286313,0.008486863,-0.124975602,-0.081933222,-0.12576221,Milwaukee Bucks,2005,0.29796029,-0.041155527,-0.049405708,-0.071247227,0.744739562,-0.007582536,-0.174875222,0.866059879,1.030864198,1.000102891,30,0
15,0.248042452,0.06904914,0.18963461,-0.054113147,-0.101842358,-0.22375357,-0.157806154,0.278330821,Minnesota Timberwolves,2005,0.054746865,-0.108396885,-0.126661737,0.067527492,-0.465462226,-0.109159908,-0.323664611,-0.983427398,0.980452675,0.995987241,44,0
16,0.152127614,0.089091046,-0.136762152,0.189252859,-0.158421445,0.053969991,-0.06904914,-0.705691272,Cleveland Cavaliers,2005,-0.011063826,0.028947166,-0.176735089,-0.066955225,-0.363360835,-0.096283903,0.034002191,0.13933731,0.984567901,0.992900504,42,0
17,0.037602434,0.206479355,0.059362218,0.003149442,-0.231974259,-0.004724164,-0.090522611,0.295522759,San Antonio Spurs,2005,-0.514658683,0.031808501,-0.06371238,-0.13133525,-2.16815308,-0.031903879,0.072630205,-1.73743121,0.909465021,0.989813767,59,1
18,0.223705851,0.033260021,0.010689017,-0.006871511,-0.34230348,-0.02476607,0.144254008,0.19772838,Los Angeles Clippers,2005,-0.018217162,-0.008250181,-0.275451126,0.001716801,-0.174172962,0.031045478,-0.096188525,-0.190398323,0.992798354,0.984669205,37,0
19,-0.016797026,-0.029728828,0.21969747,-0.158617374,-0.492238062,-0.076302401,-0.077638528,0.312620997,Houston Rockets,2005,-0.069721182,-0.091228879,-0.005055024,-0.132765917,-1.516505963,-0.013305205,-0.146261877,-1.384802309,0.936213992,0.97849573,51,0
20,-0.002481379,-0.042612911,0.205381822,0.023191349,-0.636514735,-0.057692059,0.260210752,-0.759211394,Chicago Bulls,2005,-0.042538505,0.050407175,0.109398352,-0.00829787,-0.936930417,0.098286837,0.118411556,-1.461690164,0.96090535,0.972322255,47,0
21,0.070528423,0.059028186,-0.161098753,0.140579658,-0.681778005,0.112664145,0.003960662,-1.98099478,Charlotte Bobcats,2005,0.033286857,0.067575181,0.198099719,-0.036911214,0.750745526,0.011016137,0.154178236,1.140619561,1.030864198,0.97026443,18,0
22,-0.041133627,0.110564517,-0.201182566,-0.140007032,-0.874146903,0.118390404,0.011118486,0.335200411,Memphis Grizzlies,2005,-0.159853216,0.110495197,-0.086603055,0.011731471,-1.492482106,-0.006151869,0.162762239,-0.538894453,0.937242798,0.961004219,45,0
23,0.06050747,0.140627377,0.085130384,0.09906428,-0.896778538,-0.057692059,-0.080501658,-0.601462864,Detroit Pistons,2005,-0.181313224,-0.045447528,-0.181027091,-0.081261897,-1.903890655,-0.009013203,-0.077589852,-1.635607614,0.920781893,0.959975306,54,0
24,-0.366098824,-0.059791688,-0.042278879,-0.167206762,-0.973160306,-0.001861034,-0.023239068,0.286184355,Indiana Pacers,2005,-0.292905266,-0.001096845,-0.045113706,-0.01831254,-1.219210735,-0.096283903,-0.067575181,-0.501311085,0.948559671,0.956888569,44,0
25,0.116338495,-0.035455087,-0.292802709,0.089043327,-0.97598926,-0.107796825,0.147117137,-0.431761119,Utah Jazz,2005,-0.218510571,0.107633863,-0.311217806,-0.179977935,0.015014911,0.042490816,-0.010348493,1.88959527,1.001028807,0.956888569,26,0
26,-0.032544239,0.20791092,-0.062320785,-0.021187158,-0.987305078,-0.047671106,0.170022173,-0.347018761,Portland Trail Blazers,2005,0.255040274,0.02179383,-0.193903095,0.234915555,-0.063062624,0.119746845,-0.124801869,-0.650163026,0.99691358,0.955859656,27,0
27,-0.187153231,-0.078402029,-0.161098753,0.164916259,-1.032568348,0.018180872,0.185769385,-1.554315901,Atlanta Hawks,2005,0.083360209,0.121940535,0.050740997,-0.118459245,1.294285288,0.142637521,0.029710189,2.224009924,1.054526749,0.953801831,13,0
28,0.039033999,-0.12993836,-0.086657386,-0.185817104,-1.340924375,0.048243732,-0.03612315,-1.032892966,New Jersey Nets,2005,-0.112641198,0.004625824,0.079354341,-0.158517927,-1.054046719,-0.021889208,0.134148895,0.074821462,0.955761317,0.94042597,42,0
29,-0.029681109,-0.127075231,-0.238403249,0.048959514,-2.031189243,-0.094912743,0.039749781,-2.227025942,New Orleans Hornets,2005,-0.00391049,0.076159184,0.053602331,-0.05407922,-0.414411531,0.02532281,-0.030377834,0.768487318,0.982510288,0.909558597,18,0
30,0.694729891,0.037914176,0.295588398,-0.196727183,2.853298336,-0.055070341,-0.133600079,2.467458554,Phoenix Suns,2006,-0.205622085,-0.147178126,0.417178772,0.158999853,1.321348358,0.004652728,0.051322437,-0.4939311,1.059720981,1.117372183,54,0
31,0.00800937,-0.112794675,-0.297294536,0.137391497,1.397533879,0.048719717,0.037013715,1.133100014,Oklahoma City Thunder,2006,0.402555913,0.019465494,-0.17960479,0.123392242,1.954263118,0.014622859,0.01713913,1.965223306,1.088584977,1.057586586,35,0
32,-0.23795885,-0.065875882,-0.139476777,0.168670693,1.167676333,0.099903855,-0.05540209,0.142774869,Washington Wizards,2006,0.107724893,-0.063144164,0.049708225,0.067844368,0.635690702,-0.072259712,0.205147317,0.748227355,1.028795272,1.048309511,42,0
33,-0.138434137,-0.16113525,-0.214831202,-0.074453964,1.017502737,-0.083505974,-0.157770367,0.947030674,Toronto Raptors,2006,0.352705257,-0.037506684,0.138015101,-0.115890905,1.601718493,-0.099321497,-0.024165699,2.100653883,1.072091265,1.042124794,27,0
34,0.327910234,0.110425039,0.062416213,-0.019004481,0.8336167,0.15677512,0.048387968,-0.048599689,Denver Nuggets,2006,0.382615651,0.072164759,0.03831379,0.069268673,0.702313308,-0.002468794,0.200874404,-0.083665642,1.031887843,1.033878505,44,0
35,0.002322243,0.080567625,0.331132939,-0.082984654,0.723285078,-0.093458445,0.005734519,1.501417871,Miami Heat,2006,-0.134406863,-0.124389255,-0.118359699,-0.128709645,-0.224851296,-0.03950071,-0.169444752,-0.62856725,0.989622706,1.02975536,52,1
36,0.062037071,-0.050236284,0.065259776,0.076254887,0.609888688,0.057250406,-0.05540209,0.261667496,Los Angeles Lakers,2006,0.056449933,-0.044628206,-0.061387522,-0.033281247,-0.016655652,-0.073684017,-0.03413583,-0.244164624,0.998900419,1.024601429,45,0
37,-0.05312724,0.026539924,-0.024312466,-0.061657929,0.588435318,0.089951384,-0.032653584,0.181345267,Philadelphia 76ers,2006,0.272944208,0.000949536,0.129469274,0.082087413,0.977131559,0.060200601,0.123961963,0.500867738,1.044258127,1.024601429,38,0
38,-0.309047931,0.145969579,-0.015781776,0.161561784,0.536334274,0.00748805,-0.09947732,1.048882724,Dallas Mavericks,2006,-0.366568487,0.020889799,-0.332005366,0.026539539,-0.896629243,-0.073684017,-0.044105961,-0.605543981,0.959727854,1.021509071,60,0
39,0.191419198,-0.122747146,0.043933052,-0.091515343,0.462779859,0.028814774,0.02421768,0.598734767,Sacramento Kings,2006,0.060722846,0.025162712,0.086740141,0.052177019,0.069398548,0.097232517,0.024260652,-0.432904444,1.003023847,1.019447499,44,0
40,0.005165807,-0.040283812,0.060994431,0.090472704,0.370836841,0.023127648,-0.036918929,-1.088510783,Golden State Warriors,2006,0.196031768,0.033708539,0.313204547,0.097754762,0.644018528,-0.016711839,0.108294615,0.025144925,1.028795272,1.015324354,34,0
41,0.036445002,0.052131993,-0.014359994,-0.146964827,0.239051848,-0.013838674,0.251702739,1.143287891,Boston Celtics,2006,0.103451979,0.026587016,-0.104116655,-0.009068072,0.566292154,0.142810259,0.039928001,0.293254224,1.025702701,1.010170423,33,0
42,0.111799428,-0.163978813,0.008388512,0.017961841,0.199209873,0.013175176,0.021374117,-0.052838005,Milwaukee Bucks,2006,0.223093553,0.040830061,0.046859616,-0.120163818,0.416391289,0.026017295,4.75E-05,0.812924017,1.018486702,1.008108851,40,0
43,0.161561784,-0.057345192,0.227342881,-0.014739136,0.199209873,-0.113363388,0.059762221,-0.612627818,Chicago Bulls,2006,-0.054645814,0.049375887,0.14086371,-0.050372901,0.036087245,0.033138817,0.065565481,-0.651609812,1.00199299,1.008108851,41,0
44,-0.18535293,0.009478544,0.097960753,0.06061529,0.144044062,-0.029478272,-0.06393278,0.205977349,Cleveland Cavaliers,2006,-0.034705552,-0.040355293,-0.030052824,-0.155771429,-0.377528102,-0.067986799,-0.146655881,-0.199550784,0.983437564,1.006047279,50,0
45,-0.092937125,0.012322107,-0.298716318,0.217011268,0.052101044,-0.00104264,0.145069118,-0.135451547,Atlanta Hawks,2006,-0.001946549,0.052224496,-0.152543006,0.092057544,1.129808365,0.013198555,0.064141177,1.326834861,1.051474125,1.001924134,26,0
46,0.025070749,0.167296304,0.372364606,-0.125638102,0.045971509,-0.076397066,0.004312738,0.297558245,Los Angeles Clippers,2006,0.106300588,-0.043203901,-0.014385475,-0.083131903,-0.31645738,-0.025257665,-0.183687797,-1.092004595,0.985499278,1.001924134,47,0
47,0.037866784,-0.044549157,-0.244688616,0.10469052,-0.036777207,0.33307604,-0.021279332,-2.010922379,Charlotte Bobcats,2006,0.271519904,0.079286281,0.32032607,0.033661062,0.87719765,-0.015287534,0.40170133,1.245374796,1.040134699,0.998831776,26,0
48,0.398999315,0.148813143,-0.135211432,0.083363795,-0.042906742,-0.010995111,-0.356819793,-0.016222413,Detroit Pistons,2006,-0.212743607,-0.142905213,-0.061387522,0.049328411,-1.557303422,-0.152020761,-0.052651788,-1.196430095,0.929833001,0.99780099,64,0
49,-0.316156839,-0.162557032,-0.116728271,0.167248911,-0.346318702,-0.046539652,0.379663085,-0.129805471,New York Knicks,2006,0.076390195,0.073589063,-0.23087975,-0.047524292,1.143688075,0.122869997,-0.039833048,1.457483501,1.051474125,0.985431556,23,0
50,0.037866784,0.116112165,0.150566673,-0.092937125,-0.361642539,-0.063601031,-0.079572378,0.795997521,San Antonio Spurs,2006,-0.504726018,-0.060295555,-0.035750042,-0.043251378,-1.879312686,0.016047163,-0.065470528,-1.938028018,0.915401003,0.985431556,63,0
51,-0.277768735,-0.033174904,-0.057013443,-0.034644079,-0.524075205,-0.079240629,0.082510727,0.547772436,Orlando Magic,2006,-0.066040249,0.000949536,-0.289276233,-0.007643767,-0.23040318,0.038836035,-0.118169792,0.066544708,0.989622706,0.978216053,36,0
52,-0.084406435,0.033648832,0.166206271,-0.026113389,-0.784580423,0.014596958,0.102415669,-0.202914843,Indiana Pacers,2006,-0.242654001,0.019465494,-0.037174346,0.073541586,-1.140912133,0.104354039,-0.099653834,-1.495823894,0.948388427,0.967908191,41,0
53,0.275304314,-0.15260456,0.137770639,-0.134168792,-0.809098562,-0.042274307,-0.089524849,-0.550950092,New Jersey Nets,2006,-0.070313163,-0.080235817,0.223473367,-0.184257518,-1.043754165,0.001804119,-0.007074045,-0.539379176,0.952511855,0.966877405,49,0
54,-0.243645976,-0.105685767,-0.08971442,0.002322243,-1.054279944,0.033080119,-0.123647608,-1.528531708,New Orleans Hornets,2006,-0.151498516,0.066467541,0.079618618,-0.080283294,-0.313681438,-0.086502757,0.021412043,0.623395672,0.985499278,0.956569544,38,0
55,0.116064773,0.151656706,-0.088292638,0.219854831,-1.1707411,-0.090614882,0.153599807,-1.228392881,Utah Jazz,2006,-0.255472741,0.110620979,-0.292124842,-0.064615945,-0.46080636,0.107202648,-0.022741394,0.458753796,0.979314136,0.952446399,41,0
56,-0.148386608,0.080567625,-0.08971442,-0.117107413,-1.21671261,0.017440521,-0.068198125,0.094894322,Memphis Grizzlies,2006,-0.121588123,0.100650847,-0.054265999,0.015145104,-1.943159351,0.013198555,0.044200915,-1.088266,0.912308432,0.950384827,49,0
57,0.036445002,0.121799292,-0.028577811,-0.14980839,-1.327044232,-0.040852525,0.009999864,-0.852377348,Minnesota Timberwolves,2006,-0.194227649,-0.016142117,-0.044295868,0.082087413,-0.774487798,-0.069411103,-0.061197614,-0.89745477,0.964882139,0.945230896,33,0
58,-0.156917298,-0.092889732,0.174736961,-0.095780688,-1.740787814,0.000379142,0.015686991,-1.284590807,Houston Rockets,2006,-0.061767336,-0.017566421,0.049708225,-0.060343032,-1.215862565,-0.008166012,-0.125291314,-0.964802912,0.945295856,0.928738318,34,0
59,-0.284877643,0.070615154,-0.339947985,-0.043174768,-2.053394077,-0.083505974,0.03274837,-1.818057907,Portland Trail Blazers,2006,0.066420064,0.025162712,0.004130483,0.160424157,0.291473903,0.006077032,-0.173717665,0.758702009,1.013332417,0.915338098,21,0
60,0.527954622,0.022950484,0.180238426,-0.245397235,2.881609119,-0.056885416,-0.07301152,3.42692056,Phoenix Suns,2007,-0.276806028,-0.103200762,0.069423419,0.134548753,0.929312528,-0.038636048,0.001308113,-0.614412785,1.042271592,1.116062386,61,0
61,0.286764197,0.123913918,0.002150147,0.039263558,1.961946634,0.219361757,0.095260869,0.431600141,Golden State Warriors,2007,0.388929989,0.029946441,0.390378256,0.22705102,1.820471463,0.121140596,0.397946624,0.736075471,1.082787494,1.078590237,42,0
62,0.2446961,0.080443551,0.145181678,0.124802022,1.661523556,0.118398323,0.155558476,0.459470553,Denver Nuggets,2007,0.370709845,0.064985179,0.00915679,0.131745654,1.114629983,0.121140596,0.142864613,-0.415609088,1.050374772,1.067449868,45,0
63,-0.119894078,-0.003692644,-0.105824636,0.120595213,1.407083602,0.058100717,-0.151538635,0.065785371,Washington Wizards,2007,0.275404478,0.003317001,0.135296246,0.08549452,1.365353598,-0.104508875,0.069984039,1.425454315,1.062529543,1.0563095,41,0
64,0.146537206,0.060811772,0.056838674,-0.036459018,1.155709189,0.00902127,0.044779153,0.919518126,Los Angeles Lakers,2007,0.073581349,0.043961936,0.075029617,0.060266629,1.043773309,0.077692561,-0.04634457,0.432135326,1.047336079,1.046181892,42,0
65,-0.091848679,0.041179993,-0.111433716,-0.064504416,0.717336738,-0.041460447,0.142938046,0.939836805,Memphis Grizzlies,2007,0.443590419,0.101425466,0.039990879,0.074282124,1.787768383,0.122542145,0.016725157,1.88085759,1.080761699,1.028964958,22,0
66,0.390532171,-0.054174361,0.002150147,0.16546785,0.689746863,-0.023230938,0.050388232,0.659603047,Utah Jazz,2007,-0.27119983,0.084606872,-0.324411993,-0.138753401,-0.027252567,0.041252274,-0.015510481,0.816362885,0.998716996,1.027952198,51,0
67,-0.112882728,-0.157942335,-0.081986048,-0.16126104,0.631501573,0.108582434,-0.066000171,0.235133356,Sacramento Kings,2007,0.132446429,0.038355738,0.271246548,-0.007007748,0.964740865,-0.030226751,0.131652217,0.981222173,1.044297387,1.025926676,33,0
68,-0.159157635,0.042582263,0.084884072,0.011218159,0.318816328,-0.047069527,-0.141722746,1.203853582,Dallas Mavericks,2007,-0.38472534,-0.091988366,-0.236114374,-0.102313114,-1.329925261,-0.040037598,-0.071572462,-0.971911561,0.939968938,1.012760786,67,0
69,0.035757883,-0.215435401,-0.255867517,0.040665827,0.229915621,-0.009208239,-0.001495755,-0.062710072,Milwaukee Bucks,2007,0.464613662,0.077599124,0.018967637,0.210232426,1.1827614,0.030039878,0.060173192,1.343275013,1.053413465,1.009722504,28,0
70,0.107273648,-0.079415219,0.035804625,-0.220156376,0.183932497,-0.017621859,-0.192204463,0.583107638,Toronto Raptors,2007,-0.004905423,-0.084980619,0.261435702,-0.089699169,-0.05723039,-0.14655536,-9.34E-05,0.116671357,0.997704099,1.007696982,47,0
71,-0.070814631,-0.107460618,-0.185754021,0.022436319,0.101162873,0.052491637,0.037767803,0.196511293,Oklahoma City Thunder,2007,0.174492914,-0.05134343,-0.065125334,0.058865079,0.735819304,-0.00499886,-0.011305833,1.09986659,1.033155514,1.003645939,31,0
72,0.121296347,0.09446625,0.199870205,0.100963434,0.009196625,0.063709796,0.096663139,-0.505057079,Chicago Bulls,2007,-0.09880924,0.077599124,0.002149043,-0.021023243,-1.111904726,0.028638328,0.263397871,-1.460459301,0.950097913,1.000607656,49,0
73,0.096055489,0.055202692,0.171824807,-0.211742757,-0.055179749,-0.009208239,-0.145929556,1.386885835,San Antonio Spurs,2007,-0.461810563,-0.056949628,-0.10577027,-0.116328609,-1.932206987,-0.019014355,-0.091194155,-2.110707575,0.912620704,0.997569374,58,1
74,0.303591436,-0.146724175,0.098906771,-0.126204292,-0.294291995,-0.132607991,-0.040759312,0.322576878,New Jersey Nets,2007,0.083392196,-0.012100044,0.100257508,-0.063069728,-0.08993347,-0.013408157,-0.074375561,-0.121546456,0.995678304,0.988454527,41,0
75,-0.299384626,-0.164953684,0.086286342,0.16827239,-0.315750786,-0.070908115,0.229878781,-0.147854717,New York Knicks,2007,0.003503874,0.039757288,-0.220697329,-0.037841837,0.357008625,0.031441427,-0.166877828,0.454018242,1.015936255,0.987441766,33,0
76,-0.058194201,-0.056978901,0.306442718,-0.044872637,-0.441437993,-0.014817319,-0.110872808,-0.118906238,Houston Rockets,2007,-0.220744048,-0.034524836,0.131091597,-0.156973545,-1.477089121,-0.031628301,-0.109414298,-2.034336254,0.932878655,0.982377962,52,0
77,0.126905427,-0.012106264,-0.152099543,0.011218159,-0.465962326,0.062307526,-0.023932073,-1.243927854,Charlotte Bobcats,2007,-0.039944161,0.083205322,0.15071329,0.023826342,0.422414786,0.013221284,0.076991786,0.551263336,1.018974948,0.981365202,33,0
78,-0.052585122,-0.034542582,0.104515851,0.178088279,-0.499683283,0.044078018,-0.089838759,-1.361774663,Cleveland Cavaliers,2007,-0.135249528,-0.040131034,0.00915679,-0.147162698,-1.299947437,-0.075076335,0.018126707,-1.134202202,0.940981835,0.980352441,50,0
79,0.143732666,-0.07380614,0.027391006,-0.130411102,-0.674419155,-0.086333084,0.051790502,-0.322969439,Minnesota Timberwolves,2007,0.051156557,-0.02471399,-0.023078849,0.063069728,0.220745791,-0.014809706,-0.109414298,-0.05743853,1.00985887,0.973263115,32,0
80,0.031551073,0.132327537,-0.112835986,0.050481717,-0.689746863,-0.014817319,-0.336638264,-0.46682139,Detroit Pistons,2007,-0.138052627,-0.122822455,-0.072133081,0.08549452,-1.542495282,-0.101705776,-0.050549219,-1.358208858,0.929839962,0.972250354,53,0
81,-0.161962175,0.006123245,-0.088997397,0.008413619,-0.735729988,-0.006403699,0.152753936,-0.811691859,Boston Celtics,2007,0.091801493,0.100023917,0.030180033,-0.089699169,0.109010267,0.014622833,0.012520509,0.6563024,1.004794382,0.970224833,24,0
82,0.023137454,0.132327537,0.041413705,-0.033654478,-0.77864757,0.00341219,-0.002898024,-0.33326713,Los Angeles Clippers,2007,-0.032936413,-0.079374421,-0.108573369,-0.096706916,-0.588655443,-0.016211256,-0.152862333,-0.50650955,0.973394557,0.968199311,40,0
83,-0.091848679,0.09727079,-0.018883901,0.109377053,-0.787844195,0.007619,0.131719887,-1.309985808,Indiana Pacers,2007,-0.145060374,0.045363486,0.062415671,0.004204649,-0.155339631,0.070684814,0.06718094,-0.043485291,0.992639611,0.968199311,35,0
84,-0.292373277,-0.042956202,0.080677262,0.1584565,-0.809302987,-0.100355783,-0.07581606,-1.50014782,New Orleans Hornets,2007,-0.059565854,0.020135595,0.054006374,-0.082691421,-0.367909652,-0.055454642,-0.171082477,-0.180412585,0.983523533,0.967186551,39,0
85,-0.107273648,0.017341405,-0.142283654,-0.018229509,-0.956448984,-0.005001429,0.023745104,-0.827011861,Philadelphia 76ers,2007,0.111423186,-0.08077597,-0.070731532,0.079888322,-0.174416428,0.017425932,0.054566994,0.000909966,0.992639611,0.961109986,35,0
86,-0.309200516,0.053800422,-0.051136109,0.011218159,-0.999366567,-0.040058177,0.211649272,0.17559054,Orlando Magic,2007,-0.191311508,-0.002289198,-0.33282129,-0.065872827,-1.062850106,0.118337497,-0.012707382,-0.503002204,0.952123709,0.960097225,40,0
87,-0.090446409,0.09025944,0.100309041,-0.133215642,-1.036153066,-0.038655907,-0.056184281,-0.062644063,Miami Heat,2007,-0.125438681,-0.089185267,0.017566087,0.012613946,-0.716742507,-0.044242246,-0.078580209,-0.897912141,0.967317172,0.958071703,44,0
88,-0.326027755,0.003318705,-0.218006229,0.015424969,-1.164905814,-0.054080876,-0.007104834,-0.782838745,Portland Trail Blazers,2007,-0.059565854,0.003317001,-0.150619854,-0.08689607,-0.076307187,-0.076477885,-0.159870081,1.069766435,0.996691201,0.9530079,32,0
89,-0.24189156,0.09586852,-0.19977672,0.089745274,-1.278330854,0.021641699,0.09105406,-1.301425189,Atlanta Hawks,2007,-0.018920918,0.06078053,-0.118384215,0.050455782,-0.07358193,0.004811987,0.00831586,0.493035248,0.996691201,0.948956856,30,0
90,0.067111541,-0.015421183,-0.037987664,0.171803735,2.189365751,0.200023143,-0.102159683,0.386885885,Golden State Warriors,2008,0.211104905,0.033449083,0.37884821,0.182815761,1.768979984,-0.040147953,0.307831144,0.932007753,1.088871097,1.110851653,48,0
91,0.32624168,0.220645018,0.236066201,-0.000497458,2.114864831,0.210876761,0.062001295,0.821037667,Denver Nuggets,2008,0.439228558,0.006291506,0.211829107,0.167879093,1.395797906,0.064408722,0.25215811,-0.339745682,1.070856685,1.107849351,50,0
92,0.548740858,0.175873842,0.215715666,-0.269124513,1.999508568,-0.087597745,0.036223951,2.442658501,Phoenix Suns,2008,-0.239710887,-0.105054563,-0.035304851,0.247993948,1.012922786,0.00601993,-0.076448581,-1.028777948,1.050840673,1.101844748,55,0
93,0.297750932,0.067337658,0.268627056,-0.027631504,1.706311398,0.077919936,-0.001763713,1.443285507,Los Angeles Lakers,2008,0.012854587,-0.027655467,-0.004073637,0.094553633,0.278674929,0.050829933,0.014529304,-0.93375776,1.013811049,1.086833239,57,0
94,0.517536705,-0.045268633,-0.154664062,0.032063398,1.240079833,0.163392181,0.057931188,1.603634258,Utah Jazz,2008,-0.209837551,0.042954236,-0.363911542,-0.100980927,-0.116316492,0.03046175,0.200558712,0.790983846,0.993795036,1.062814825,54,0
95,-0.105189652,-0.075116084,0.207575452,-0.204002803,0.896414298,-0.103878173,0.021300226,1.700645158,Orlando Magic,2008,-0.026523901,-0.06024456,-0.006789394,-0.024939709,-0.181744519,-0.021137648,-0.103606159,-0.955135827,0.990792634,1.045801781,52,0
96,0.109169312,0.032063398,0.147880551,-0.01949129,0.800284078,0.035862164,0.106772471,-0.001753434,Indiana Pacers,2008,0.049517317,0.03752272,0.374774574,0.014438779,1.085620593,0.090208421,0.189695681,0.468118124,1.054843875,1.040797945,36,0
97,-0.293771272,-0.073759382,-0.092255757,-0.121243962,0.514296675,0.073849829,0.216665358,0.787449129,Sacramento Kings,2008,0.128274292,0.08640636,-0.080114854,0.070111813,0.966880841,0.087492663,0.125875373,0.967643868,1.048839071,1.025786436,38,0
98,0.00198983,-0.091396512,-0.040701069,0.025279886,0.182647417,0.054855996,-0.248683532,0.374744825,New Orleans Hornets,2008,-0.006155718,-0.077896986,0.01222091,-0.140359415,-0.86510391,-0.171862205,-0.02892282,-0.222361461,0.956765412,1.00977416,56,0
99,-0.284274356,-0.003210862,0.058338199,-0.095466619,0.151405096,-0.126942112,0.127123006,-0.064686989,Memphis Grizzlies,2008,0.243693998,0.019870294,0.267502141,0.018512416,1.386104865,0.155386608,-0.083237976,1.105115445,1.069855885,1.007772626,22,0
100,0.067111541,-0.012707778,0.12345991,-0.11988726,0.12256603,0.134901432,0.120339494,1.423203229,Boston Celtics,2008,-0.332046651,0.00085999,-0.31774366,-0.026297588,-1.9143756,-0.003485222,0.204632349,-2.112302972,0.903722978,1.005771091,66,1
101,-0.08619582,0.018496375,0.161447574,-0.047982038,0.09613022,-0.144579242,-0.163211287,0.688673342,Dallas Mavericks,2008,-0.32118362,-0.042592135,-0.142577283,-0.049381529,-0.804522404,-0.082242198,-0.214952228,-1.07053505,0.959767814,1.004770324,51,0
102,0.229915817,-0.071045977,-0.037987664,-0.174155352,0.050468365,-0.036043058,-0.269034067,0.524797706,Toronto Raptors,2008,0.018286102,-0.075181228,0.080114854,-0.119991231,-0.525847475,-0.171862205,-0.011270395,0.243243242,0.973779023,1.002768789,41,0
103,-0.23950318,0.003572649,-0.162804276,0.120249047,-0.216292994,0.048072485,-0.102159683,-0.251949072,Washington Wizards,2008,0.236904604,-0.038518498,-0.062462429,-0.024939709,-0.152665396,-0.09174735,-0.011270395,0.762505981,0.992794235,0.988758048,43,0
104,0.027767174,0.080904681,-0.094969161,0.12160575,-0.336455769,0.004658011,0.089135341,-0.278435362,Atlanta Hawks,2008,0.056306711,0.044312114,-0.187387287,0.067396056,0.021809342,0.025030234,-0.046575246,0.01481293,1.000800641,0.982753444,37,0
105,-0.048208155,0.01578297,0.222499178,0.071407765,-0.468634821,-0.088954448,0.207168442,-1.530538294,Oklahoma City Thunder,2008,0.28986188,0.070111813,0.177882135,0.057890903,1.267365112,0.148597213,-0.10224828,0.129311513,1.063851081,0.975748074,20,0
106,0.064398136,0.113465536,-0.137026933,0.075477871,-0.485457609,-0.018405928,-0.273104173,-0.070963858,Detroit Pistons,2008,-0.299457558,-0.094191532,-0.2444182,-0.07246547,-1.957994284,-0.162357053,-0.066943429,-1.494525226,0.901721377,0.975748074,59,0
107,0.03726409,0.055127337,-0.062408306,0.178587246,-0.511893419,0.052142592,0.053861081,-1.265960223,Chicago Bulls,2008,0.014212466,0.104058786,0.078756976,-0.005929404,0.09693041,0.069840238,0.131306889,0.284263331,1.004803843,0.973746539,33,0
108,-0.048208155,0.018496375,-0.113962993,-0.035771717,-0.56476504,0.023651843,0.063357998,-0.42497764,Charlotte Bobcats,2008,0.001991556,0.118995453,0.086904249,0.109490301,0.300484271,0.038609023,0.026750214,0.408222311,1.014811849,0.971745005,32,0
109,-0.031927728,-0.03712842,-0.218429071,0.185370758,-0.571974807,-0.071317318,0.071498211,-0.888160481,Milwaukee Bucks,2008,0.175800054,0.021228173,-0.081472733,-0.062960318,0.792406103,0.068482359,-0.043859488,1.780275645,1.039831865,0.970744237,26,0
110,-0.343969257,-0.23792036,-0.090899054,0.150096498,-0.591200851,-0.102521471,0.040294058,-1.124042058,New York Knicks,2008,-0.014302991,0.055175146,0.066536066,0.007649384,0.717285035,0.033177508,-0.15113192,1.063027607,1.035828663,0.96974347,23,0
111,-0.035997834,0.042917016,0.183154811,0.113465536,-0.632056194,0.001944607,-0.043821484,-0.609637278,Houston Rockets,2008,-0.319825741,-0.012718799,-0.112703948,-0.033086982,-1.567849384,0.034535386,-0.085953734,-2.125826932,0.920736589,0.967741935,55,0
112,-0.149960828,0.01578297,-0.208932155,0.201651186,-0.651282238,0.156608669,0.019943524,-0.900630875,Philadelphia 76ers,2008,0.162221265,0.042954236,-0.313670023,0.006291506,-0.739094377,-0.063231894,0.17883265,0.178973828,0.962770216,0.966741168,40,0
113,-0.194732004,0.052413932,0.05291139,0.235568743,-0.699347348,-0.023832737,-0.016687438,-1.018273452,Cleveland Cavaliers,2008,-0.084912693,-0.000497889,-0.032589093,-0.141717293,-0.634894186,-0.051010984,-0.088669491,-0.15421081,0.967774219,0.964739634,45,0
114,0.191928152,0.002215947,-0.005426809,-0.007280969,-0.8098971,-0.102521471,0.097275555,-0.585950001,New Jersey Nets,2008,0.035938528,-0.03580274,-0.009505152,-0.030371224,0.1890143,0.088850542,-0.080522218,0.440855764,1.009807846,0.95873503,34,0
115,-0.208299027,-0.111747046,-0.130243421,0.061910848,-0.853155699,0.026365248,0.041650761,-1.084951823,Minnesota Timberwolves,2008,0.156789749,0.106774543,0.028515457,-0.064318197,0.487075311,0.01824084,-0.073732824,1.362055962,1.024819856,0.956733496,22,0
116,-0.088909224,-0.069689275,0.119389803,-0.199932696,-0.898817553,-0.102521471,-0.165924692,0.118959381,San Antonio Spurs,2008,-0.398582717,-0.037160619,0.004073637,-0.193316691,-1.858640614,-0.041505831,-0.134837374,-1.513606682,0.90672538,0.954731961,56,0
117,-0.06855869,-0.038485122,-0.116676398,-0.023561397,-0.898817553,-0.192063823,-0.137433943,-0.432665292,Portland Trail Blazers,2008,-0.094417845,-0.118633352,-0.080114854,0.052459388,-0.712438514,-0.147420385,-0.178289498,-0.517352358,0.963771017,0.954731961,41,0
118,-0.069915392,0.013069566,-0.044771176,-0.160588329,-1.206434256,-0.053680188,0.030797142,-1.026910293,Los Angeles Clippers,2008,0.068527621,-0.000497889,0.180597892,-0.003213647,0.227786464,-0.008916738,-0.061511914,0.357800087,1.011809448,0.938719685,23,0
119,-0.189305195,-0.045268633,-0.246919819,-0.23792036,-1.689488609,-0.010265714,0.060644593,-0.89628238,Miami Heat,2008,0.04544368,-0.064318197,0.126282737,-0.003213647,0.014539562,0.046756296,0.011813546,0.87608722,1.000800641,0.914701271,15,0
120,0.258745886,0.036537066,0.054642278,-0.007326078,2.284267958,-0.009939202,0.192297889,2.709546563,Phoenix Suns,2009,0.029107286,-0.034789028,-0.180185742,0.122623174,1.44334504,0.153546754,0.020072384,0.623772662,1.075537769,1.094620285,46,0
121,-0.012832303,0.186325035,0.015445426,0.066867963,2.08167864,0.058655289,0.070507671,0.329652816,Golden State Warriors,2009,0.363026069,0.028082709,0.299036612,0.362932926,2.365223484,0.071114921,0.109489967,0.642661131,1.123561781,1.086615749,29,0
122,0.262945548,0.036537066,0.148434745,0.153660992,1.679436082,0.170646295,-0.066681311,0.728264521,Los Angeles Lakers,2009,0.186985204,-0.002654584,-0.057236567,0.075120083,-0.130366649,0.054349124,0.173758854,-0.885908193,0.993496748,1.06960611,65,1
123,0.024964662,-0.265838649,0.089639467,0.008072685,1.265449216,0.019458437,0.032710706,-0.015946605,New York Knicks,2009,0.075213227,0.060217153,0.482063226,0.068134335,1.501544436,0.080894969,0.052206828,0.865970608,1.07853927,1.052596471,32,0
124,0.076760502,0.056135491,0.252026425,0.026271223,1.236088445,-0.032337403,0.05370902,0.013398661,Indiana Pacers,2009,0.015135789,0.069997201,0.317199558,0.005262597,1.191923646,0.054349124,0.000512288,0.286904264,1.062531266,1.051595904,36,0
125,0.139755442,0.13732897,0.03644374,-0.00032664,1.054051667,0.159447194,0.148901374,1.245145732,Denver Nuggets,2009,0.050064532,0.07418865,-0.125696903,0.119828874,0.183910094,0.072512071,0.159787356,-0.524150615,1.009504752,1.043591368,54,0
126,0.425332506,-0.027857763,-0.081146816,0.048669424,0.869078812,0.172046182,0.083106659,0.692151479,Utah Jazz,2009,-0.112004836,0.042054207,-0.122902604,0.003865448,0.183910094,0.086483568,0.24082204,0.497906347,1.009504752,1.0365874,48,0
127,0.016565336,0.082733355,4.67E-05,0.090666051,0.534366026,0.026457875,0.057908682,-0.260388558,Chicago Bulls,2009,0.003958591,0.07698295,0.014018069,0.156154767,0.477235053,0.036186178,0.036838181,-0.272558755,1.025512756,1.022579462,41,0
128,0.082360052,0.049136054,0.159633846,0.00527291,0.431603329,-0.007139427,-0.150674565,0.384022833,Dallas Mavericks,2009,-0.152522178,-0.083689268,0.039166764,-0.029666146,-0.034919638,-0.009919763,-0.121039738,-0.348198537,0.99849925,1.017576627,50,0
129,-0.178019036,0.063134929,0.345818892,-0.120716971,0.264246936,-0.036537066,-0.012085696,1.025299989,Orlando Magic,2009,-0.324371594,-0.120015161,0.153733041,-0.05760914,-1.068540924,-0.044848506,-0.10986254,-2.282716323,0.944472236,1.010572658,59,0
130,0.19855072,-0.009659224,0.147034858,-0.050722593,0.231950088,0.0348572,0.181098788,1.828494776,Boston Celtics,2009,-0.233556862,-0.006846034,-0.324092164,-0.099523632,-1.250123042,-0.015508362,0.061986876,-1.455371889,0.934467234,1.009572091,62,0
131,-0.141621959,-0.062854952,-0.160940407,-0.091319332,0.152676007,-0.037936953,0.161500362,-0.179596068,Sacramento Kings,2009,0.105950521,0.040657057,0.155130191,0.157551917,1.79254142,0.150752455,0.038235331,1.666341636,1.093546773,1.00657039,17,0
132,-0.080026906,0.057535379,0.130236207,-0.026924504,0.079274081,-0.004339651,-0.14787479,1.086654701,Cleveland Cavaliers,2009,-0.212599616,-0.078100669,-0.238866031,-0.038049044,-1.641222988,-0.107720244,-0.019047808,-1.87281598,0.914457229,1.003568689,66,0
133,-0.074427356,0.011339089,-0.169339733,0.216655933,-0.126251314,-0.064534817,-0.133875914,0.606652939,Portland Trail Blazers,2009,-0.181862322,-0.104646514,-0.406523997,-0.166586818,-1.119756394,-0.114705992,-0.095891043,0.003760311,0.941470735,0.994563586,54,0
134,0.114557466,-0.120250342,-0.15954052,0.094865714,-0.158548162,0.01805855,0.004712955,-0.909008731,Milwaukee Bucks,2009,0.013738639,-0.02500898,0.064315459,-0.103715081,0.081479155,0.027803279,0.278545083,1.103326554,1.004502251,0.993563019,34,0
135,0.160753756,-0.005459562,0.044843065,-0.14451506,-0.22020578,-0.102331781,-0.073680749,-0.164536837,Toronto Raptors,2009,0.233091145,-0.011037483,0.081081256,-0.014297499,0.363164236,-0.104925944,-0.080522396,0.316099937,1.019509755,0.990561318,33,0
136,-0.081426794,-0.054455626,0.253426313,-0.060521806,-0.36994571,-0.067334592,0.010312505,0.247382907,Houston Rockets,2009,-0.13994783,0.057422854,-0.114519706,-0.045034793,-1.056901045,-0.011316913,-0.193691523,-1.762750495,0.944472236,0.984557916,53,0
137,-0.068827805,0.07993358,-0.097945467,-0.108117983,-0.396370404,0.076853827,-0.174472654,-0.327781398,Miami Heat,2009,-0.103621938,-0.082292119,0.076889806,-0.012900349,-0.363164236,-0.095145896,0.133241512,0.255565193,0.980490245,0.983557349,43,0
138,-0.088426231,-0.025057987,-0.096545579,-0.049322705,-0.44041156,0.009659224,-0.143675127,0.109565667,Atlanta Hawks,2009,-0.021190104,-0.055746274,4.66E-05,0.069531484,-0.649505268,-0.092351597,-0.041402203,-0.599855968,0.965482741,0.981556215,47,0
139,-0.11782387,-0.004059674,-0.092345917,-0.077320457,-0.446283714,-0.051935829,-0.105878163,-0.096154968,New Jersey Nets,2009,0.101759071,-0.001257435,0.05872686,-0.046431942,0.111742842,-0.040657057,-0.066550898,0.850098385,1.005502751,0.981556215,34,0
140,-0.064628143,-0.100651916,-0.054548952,0.097665489,-0.519685641,-0.117730544,0.020111718,-1.283974032,Minnesota Timberwolves,2009,0.062638879,0.12588319,0.081081256,-0.128863776,0.526122547,0.019420381,-0.171337128,1.053145046,1.027513757,0.978554514,24,0
141,-0.102425107,0.029537628,-0.202937034,0.187258294,-0.613640107,0.08665304,0.008912618,-0.85296942,Philadelphia 76ers,2009,0.11014197,0.008522613,-0.273794774,0.04158849,-0.500514812,-0.029479859,0.177950303,0.248784781,0.973486743,0.974552246,41,0
142,0.022164886,-0.090852703,0.219829011,-0.24810674,-0.698786342,-0.170926272,-0.262665571,0.273775582,San Antonio Spurs,2009,-0.334151642,-0.058540573,0.124392897,-0.223869957,-1.271074825,-0.090954447,-0.264946159,-1.228473918,0.933466733,0.970549978,54,0
143,-0.080026906,-0.032057425,0.022444864,0.131262791,-0.716402804,0.016658662,0.251093167,-1.582295298,Oklahoma City Thunder,2009,0.068227478,0.018302661,0.021003817,-0.029666146,0.595961823,0.140972407,-0.014856359,0.514103466,1.031515758,0.970549978,23,0
144,-0.110824432,-0.040456751,-0.21133636,0.071067626,-0.936608584,0.032057425,-0.006486146,-1.380591323,Washington Wizards,2009,0.41192631,0.051834255,0.014018069,0.04019134,0.68209693,-0.004331164,-0.014856359,1.707572324,1.035517759,0.961544875,19,0
145,-0.155620835,-0.078253715,-0.039150189,-0.14451506,-0.995330125,-0.004339651,-0.170272991,0.228763965,New Orleans Hornets,2009,-0.099430489,-0.145163856,-0.030690722,-0.116289428,-1.084836756,-0.167797682,-0.086110995,-0.268330961,0.943471736,0.958543174,49,0
146,0.003966348,0.123330095,-0.145541644,-0.021324954,-1.165622595,-0.03373729,0.098505422,-1.704134963,Los Angeles Clippers,2009,0.322508727,0.028082709,0.240356324,0.079311533,0.74960823,0.078100669,-0.080522396,0.548101298,1.03951976,0.951539206,19,0
147,-0.043629829,-0.0236581,-0.046149627,0.061268413,-1.377020144,-0.144328408,-0.248666695,-1.397647223,Detroit Pistons,2009,-0.096636189,-0.072512071,-0.039073621,-0.061800589,-0.998701648,-0.188754927,-0.26075471,-0.675691654,0.947473737,0.942534103,39,0
148,-0.415999922,-0.012458999,-0.201537147,-0.081520119,-1.462166379,0.026457875,0.141901936,-0.799729033,Memphis Grizzlies,2009,0.020724388,0.068600051,-0.069810914,-0.088346434,-0.116398794,0.050157675,0.060589726,0.965433904,0.993496748,0.939532402,24,0
149,0.029164324,0.004339651,-0.160940407,-0.026924504,-1.523823997,-0.02253819,0.179698901,-0.587373104,Charlotte Bobcats,2009,-0.162302226,0.131471789,-0.238866031,-0.039446194,-0.966109986,0.041774777,0.077355523,-0.241621683,0.949474737,0.936530701,35,0
150,0.232962821,0.027077019,0.127622714,0.015753072,2.444222941,-0.154745394,0.060181301,2.289277199,Phoenix Suns,2010,-0.051912416,-0.045480386,-0.180416174,0.249754375,1.089271104,0.073945542,-0.138311464,-0.628174166,1.048282728,1.097063216,54,0
151,0.13296506,-0.079769904,-0.17237057,-0.199310606,2.087646776,0.231547328,0.051962307,0.748231842,Golden State Warriors,2010,0.324429793,0.011997333,0.436785048,0.2757562,2.668714206,0.072577025,0.377619491,1.799736164,1.118964659,1.083125933,26,0
152,-0.031414822,0.025707187,-0.024428677,-0.013013407,1.499448487,0.124700405,-0.041186293,0.96611297,Denver Nuggets,2010,-0.025910591,0.054421364,-0.013457085,0.077321217,0.427538909,-0.019113622,0.094336447,-0.031559016,1.019412643,1.06022897,53,0
153,0.609666717,0.002420037,0.089267408,-0.036300557,0.944774453,0.113741746,0.109495266,1.212759664,Utah Jazz,2010,-0.155919718,0.064000984,-0.200943931,-0.084163803,-0.348566753,0.054786302,0.098441998,-0.043388308,0.984569438,1.037332006,53,0
154,0.085020928,-0.01949728,-0.021689012,-0.126709492,0.90515488,-0.168443718,-0.090500257,1.144778981,Toronto Raptors,2010,0.201263252,-0.052322971,-0.095568112,0.047213841,1.206367748,-0.016376588,-0.172524392,1.046196822,1.054255849,1.036336486,40,0
155,-0.173877386,0.079130649,0.292002595,-0.121230163,0.576007651,-0.109540927,-0.015159478,1.622931518,Orlando Magic,2010,-0.262664053,-0.150856204,-0.057249633,-0.134798937,-1.157350549,-0.056063585,-0.158839221,-1.671788032,0.948730712,1.023394724,59,0
156,-0.272505315,0.001050205,-0.036757168,0.234926247,0.508959141,0.072646775,0.11223493,-0.388754744,Memphis Grizzlies,2010,0.182104012,0.140637943,-0.237893893,0.011632396,0.792444729,0.058891854,-0.001459752,0.880171632,1.035340966,1.020408163,40,0
157,0.065843275,-0.109906215,-0.071002977,0.099312845,0.481530205,-0.01228283,0.030044989,-0.304621163,Houston Rockets,2010,-0.035490211,0.183061974,0.149396453,-0.032160152,0.511957419,0.006888203,0.056017968,0.496317682,1.022399204,1.019412643,42,0
158,0.12748573,0.036665846,0.231729972,-0.147256977,0.414481696,-0.038309645,-0.03981646,1.434108863,Cleveland Cavaliers,2010,-0.110758652,-0.100221071,-0.214629102,-0.143010039,-1.086547927,-0.068380239,-0.165681806,-1.224476908,0.951717272,1.016426083,61,0
159,0.041186293,-0.127714036,-0.062783983,-0.085614522,0.414481696,-0.008173333,-0.024748304,0.2330096,New York Knicks,2010,-0.025910591,-0.041374834,0.275300028,0.082795286,1.222706815,-0.009534003,0.021805039,1.225379092,1.054255849,1.016426083,29,0
160,0.239811983,0.069541822,0.086527743,-0.088354186,0.38705276,0.043880296,-0.146663383,0.461919278,Dallas Mavericks,2010,-0.113495687,-0.083798865,0.094655768,0.032160152,-0.261425065,-0.039641379,0.039595762,-0.57370287,0.988551518,1.015430562,55,0
161,-0.016346666,0.002420037,0.190635002,0.10205251,0.310861272,0.027442308,-0.095979586,-0.259228737,Los Angeles Lakers,2010,0.068517091,-0.04821742,0.03170398,0.021212015,-0.776105662,-0.025956208,-0.009670854,-1.410359234,0.965654555,1.012444002,57,1
162,0.064473442,0.020227858,-0.098399624,0.09657318,0.307813612,4.57E-05,-0.254880139,0.135992994,Atlanta Hawks,2010,-0.031384659,-0.053691488,-0.070934804,0.032160152,-0.765212951,-0.117646855,-0.042515265,-0.537683545,0.965654555,1.012444002,53,0
163,-0.14100141,0.113376457,0.115294223,0.084244689,0.25905106,0.084975267,0.083468451,0.240619193,Oklahoma City Thunder,2010,-0.169604889,-0.01947856,-0.172205071,0.052687909,-0.54735873,0.032890028,0.098441998,-0.973044709,0.975609756,1.010452962,50,0
164,0.119266736,-0.023606777,0.134471875,-0.015753072,0.228574465,-0.104061597,-0.06858294,0.502530167,San Antonio Spurs,2010,-0.227082608,0.025682505,-0.131149558,-0.115639697,-0.931326794,-0.034167311,-0.183472529,-1.219021335,0.958685913,1.009457442,50,0
165,-0.016346666,0.055843499,0.130362378,-0.155475971,0.079239148,-0.009543165,0.090317613,-0.385324451,Indiana Pacers,2010,-0.065597587,0.021576953,0.45047022,0.096480457,0.743427529,0.084893679,0.08338831,-0.319600063,1.033349925,1.003484321,32,0
166,0.117896904,-0.134563198,-0.099769456,-0.063697204,-0.051810212,0.045250129,-0.08639076,-0.010710062,New Orleans Hornets,2010,0.250529868,-0.042743351,0.086444665,-0.039002738,0.503787886,-0.024587691,0.014962454,1.032917308,1.022399204,0.9975112,37,0
167,-0.086208116,-0.044154263,-0.006620856,0.107531839,-0.112763403,-0.038309645,0.082098619,-0.78948764,Sacramento Kings,2010,-0.080651276,0.095476878,0.020755843,0.01436943,0.874140061,-0.008165486,-0.063043022,0.499798911,1.039323046,0.995520159,25,0
168,0.257619803,0.005159702,-0.101139288,-0.249994403,-0.307813612,0.149357387,0.072509792,1.130502583,Boston Celtics,2010,-0.214765954,-0.016741526,-0.143466212,-0.041739772,-1.091994282,-0.019113622,0.160025269,-0.591819567,0.951717272,0.987555998,50,0
169,-0.15880923,-0.126344203,0.045432773,0.086984354,-0.566864672,0.006894823,0.22867068,-1.338675973,Minnesota Timberwolves,2010,0.494125916,0.059895433,0.16034459,0.025317567,1.636629834,0.176584326,0.009488385,1.410872469,1.073170732,0.977600796,15,0
170,-0.093057277,-0.06607158,-0.191548223,0.019862569,-0.585150629,-0.094472771,-0.211045504,0.244088755,Portland Trail Blazers,2010,-0.217502988,-0.089272934,-0.274843856,-0.133430419,-1.260831303,-0.146385715,-0.084939296,-0.077733445,0.943753111,0.976605276,50,0
171,-0.025935492,0.055843499,-0.139494594,0.058217875,-0.679628075,0.102783087,0.035524319,-0.471946849,Philadelphia 76ers,2010,0.093150399,-0.090641451,-0.072303321,-0.01436943,0.264148243,0.039732614,0.031384659,1.111284315,1.011448482,0.972623196,27,0
172,-0.002648343,-0.018127448,0.050912102,0.091093851,-0.694866372,-0.016392327,-0.111047742,-1.357045122,Milwaukee Bucks,2010,-0.220240022,0.031156573,0.272562994,-0.148484108,-0.999406238,-0.025956208,0.120338272,-0.423216566,0.955699353,0.972623196,46,0
173,-0.051962307,0.10926696,0.263236116,0.052738545,-0.743628925,-0.083514112,0.012237169,-1.243736546,Chicago Bulls,2010,-0.036858728,0.054421364,0.090550216,0.02394905,-0.299549554,-0.019113622,-0.104098536,-1.219676195,0.986560478,0.970632155,41,0
174,-0.265656153,0.080500481,0.041323276,-0.03219106,-0.984394027,0.017853482,-0.119266736,-0.314806537,Miami Heat,2010,-0.269506639,-0.059165557,-0.054512599,-0.058161978,-1.388820658,-0.102593167,0.024542074,-1.042842606,0.93777999,0.960676954,47,0
175,-0.253327662,0.031186516,-0.088810797,0.092463683,-1.051442537,-0.135567741,0.072509792,-1.030856769,Washington Wizards,2010,0.041146748,0.02294547,0.009807706,0.049950875,0.127989355,-0.031430277,-0.069885608,0.220031126,1.005475361,0.957690393,26,0
176,0.093239922,0.092828972,-0.028538174,0.039040222,-1.182491897,-0.08214428,0.162918727,-0.763994795,Los Angeles Clippers,2010,0.251898385,-0.04821742,-0.044932979,-0.026686084,0.362182642,0.128686227,-0.146522567,0.358023031,1.016426083,0.952712792,29,0
177,-0.114974595,0.065432325,-0.044976162,-0.05547821,-1.29220764,0.054838955,0.169767889,-0.2813377,Charlotte Bobcats,2010,-0.103916067,0.14200646,-0.192732828,-0.041739772,-1.481408702,0.030152994,0.123075307,-1.007323235,0.933797909,0.948730712,44,0
178,-0.206753362,-0.116755377,-0.384694584,0.211639098,-1.60916423,0.00552499,-0.090500257,-1.490582321,Detroit Pistons,2010,0.213579906,0.003786231,-0.140729177,-0.115639697,-0.296826376,-0.058800619,0.010856903,1.92134641,0.986560478,0.93578895,27,0
179,-0.276614812,-0.007168789,-0.225794032,-0.002054749,-2.017550607,-0.025981154,0.021825995,-1.824178279,New Jersey Nets,2010,0.298427967,0.031156573,0.219190826,0.036265704,0.234193287,0.062997405,-0.023356026,0.880115634,1.010452962,0.919860627,12,0
180,0.069186353,-0.064721232,0.211195599,-0.14334418,1.988485031,0.005846086,-0.016341421,1.838023428,Denver Nuggets,2011,0.07893167,0.12321266,0.03584871,-0.042576102,0.65529575,0.014145956,-0.057827931,0.024230076,1.031642391,1.07982321,50,0
181,-0.008147694,0.105137478,-0.040140053,-0.066010133,1.752199001,0.033465388,-0.063294235,1.118780722,New York Knicks,2011,-0.111831386,-0.053726986,0.203111969,0.095657996,1.287732346,-0.020412569,0.11220001,0.799759382,1.061778001,1.069778343,42,0
182,0.2652834,-0.038482895,0.068956192,0.092800856,1.601835164,-0.027297077,-0.081246781,0.509095601,Houston Rockets,2011,-0.077272861,0.069301362,0.073171916,0.083216927,0.87118776,-0.017647887,-0.060592613,0.074058235,1.041687594,1.063751423,43,0
183,0.251473749,-0.057816406,-0.029092332,-0.101915226,1.374755083,-0.077011822,0.000230161,1.029056177,Phoenix Suns,2011,0.17569554,-0.05925635,0.20449431,0.124687157,1.32329103,0.059763209,0.02787721,0.593409004,1.063787042,1.054711043,40,0
184,-0.12552973,0.121709059,0.144909273,0.011323914,1.328725337,0.073513377,-0.017722386,1.10550906,Oklahoma City Thunder,2011,-0.070361156,-0.05925635,-0.143855619,0.051423085,0.309868533,-0.019030228,-0.023269407,-0.40279977,1.014565545,1.052702069,55,0
185,0.10094855,-0.03710193,0.143528308,-0.090867505,1.040272261,0.00170319,-0.093675467,1.450457473,San Antonio Spurs,2011,-0.107684363,-0.034374213,-0.007003861,-0.014929283,-0.327647875,-0.046677047,-0.102062843,-0.832960952,0.984429935,1.041652715,61,0
186,0.116139167,0.009850885,-0.178236565,0.0831341,0.963556018,0.188133482,0.040278149,0.144369899,Golden State Warriors,2011,0.367840937,-0.064785714,0.171318126,0.215921662,1.282652534,0.098468756,0.214493243,0.966815761,1.061778001,1.038639255,36,0
187,-0.171101579,0.042994047,0.230529111,-0.144725145,0.632141846,-0.078392787,-0.037055897,1.787230478,Miami Heat,2011,-0.154683957,-0.211313859,-0.207443304,-0.042576102,-1.031201839,-0.03700066,-0.121415617,-1.45226573,0.950276243,1.025580928,58,0
188,0.052614771,0.031946326,0.161480855,0.130086915,0.484846659,0.00170319,-0.132342491,0.23261822,Los Angeles Lakers,2011,0.088608057,-0.037138895,-0.138326255,0.148186954,-0.87118776,-0.02179491,-0.073033682,-1.700836719,0.958312406,1.019554008,57,0
189,-0.155910962,0.031946326,0.078622948,0.262659566,0.383581217,-0.012106461,0.316471174,-0.900935852,Minnesota Timberwolves,2011,0.370605619,0.06653668,0.107730441,0.025158606,1.699197119,0.24361456,0.019583164,1.181823588,1.081868408,1.015536061,17,0
190,0.263902435,-0.064721232,0.164242785,-0.158534796,0.174913035,-0.06044024,-0.032913002,1.339789144,Dallas Mavericks,2011,-0.102154999,-0.132520423,-0.055385796,-0.020458647,-0.736572742,0.030734048,-0.075798364,-0.861844934,0.964339528,1.006495681,57,1
191,-0.099291392,0.058184664,-0.149236298,0.103848577,0.098196792,0.235086296,-0.032913002,-0.419710195,Memphis Grizzlies,2011,-0.053773064,0.146712457,-0.154914347,0.014099878,-0.406384961,0.016910638,0.273933906,0.208463504,0.980411853,1.003482221,46,0
192,-0.209768602,0.078899141,0.218100425,0.02651453,0.061372995,-0.023154182,0.128659917,-0.503212876,Indiana Pacers,2011,-0.128419478,0.094183499,0.164406421,0.050040744,0.274309849,0.01967532,-0.035710476,-0.640187566,1.013561025,1.002477734,37,0
193,0.218330586,0.117566164,-0.222427449,0.004419088,-0.030686497,0.038989249,0.008515952,0.136528188,Utah Jazz,2011,-0.086949248,0.016772404,-0.101003048,0.041746698,0.355586841,0.011381274,0.04170062,0.920793761,1.017579106,0.998459787,39,0
194,-0.121386834,-0.010863592,0.037193994,0.243326055,-0.036823797,0.009988981,0.214279755,-1.272821383,Sacramento Kings,2011,0.02225569,0.090036476,0.012348913,-0.037046738,1.081999959,0.09017471,0.048612325,0.827138151,1.051732798,0.998459787,24,0
195,-0.175244474,-0.020530348,0.248481658,-0.042533726,-0.085922193,-0.072868926,0.076183243,0.750859511,Orlando Magic,2011,-0.161595661,-0.122844036,-0.067826864,-0.124134221,-1.208995259,0.007234251,-0.045386862,-1.473865306,0.94123556,0.996450814,52,0
196,0.04432898,-0.067483162,-0.215522623,0.094181821,-0.11967734,-0.027297077,0.05132587,-0.492944353,Toronto Raptors,2011,0.125931264,0.078977748,-0.058150478,0.023776265,1.208995259,0.03349873,-0.038475157,1.570801021,1.05876444,0.995446327,22,0
197,0.135472678,-0.060578337,0.10900418,-0.061867237,-0.135020589,0.027941528,-0.146152142,-0.375251973,Philadelphia 76ers,2011,-0.001244107,-0.031609531,0.150583012,-0.019076306,-0.424164303,-0.024559592,-0.001151951,-0.57419886,0.979407333,0.99444184,41,0
198,0.069186353,0.004327024,0.002669866,0.0831341,-0.227080081,-0.021773217,0.240518092,-0.350497109,Los Angeles Clippers,2011,0.088608057,0.007096017,-0.123120504,0.026540947,0.464802799,0.080498324,-0.060592613,0.295340683,1.022601708,0.990423893,32,0
199,0.088519864,0.095470722,0.21395753,0.099705682,-0.23321738,-0.012106461,-0.01081756,-0.006598678,Chicago Bulls,2011,-0.28600635,0.108006909,-0.244766511,-0.092340378,-1.716976461,-0.045294706,-0.01359302,-2.040052602,0.917127072,0.990423893,62,0
200,-0.236006939,0.142423536,-0.172712705,0.163230077,-0.570768851,0.088703993,0.123136057,-1.595964709,Washington Wizards,2011,0.186754267,0.019537086,0.149200671,0.137128226,1.069300429,0.032116389,0.171640673,0.957662659,1.051732798,0.977365566,23,0
201,-0.045433753,-0.097864395,-0.363285892,0.049990937,-0.650553745,-0.007963566,-0.140628282,-0.495729588,Detroit Pistons,2011,0.203342359,-0.024697826,-0.040180045,-0.03981142,0.210812199,-0.045294706,-0.012210679,1.618807355,1.010547464,0.974352106,30,0
202,0.218330586,-0.075768953,0.059289436,-0.353250878,-0.767162435,0.103894609,0.036135254,1.121784527,Boston Celtics,2011,-0.317800193,-0.048197622,-0.154914347,-0.045340784,-1.752535145,-0.03700066,0.128788102,-1.58139578,0.915118031,0.969329673,56,0
203,-0.037147962,-0.056435441,-0.371571682,0.13975367,-0.81932948,0.081799167,-0.136485386,-0.476234532,Portland Trail Blazers,2011,-0.262506554,-0.082756147,-0.157679029,-0.037046738,-0.995643155,-0.048059388,0.161964286,0.65752549,0.952285284,0.967320699,48,0
204,-0.059243404,-0.079911848,-0.06914032,-0.053581447,-1.031066312,-0.078392787,-0.003912735,-1.356979175,Cleveland Cavaliers,2011,0.305635592,0.124595001,0.244582199,-0.001105873,1.023582121,0.025204684,-0.079945387,1.214561911,1.049723757,0.959284805,19,0
205,0.053995736,-0.079911848,-0.053949704,-0.183392168,-1.144606353,-0.143298148,-0.07019906,0.022867131,Atlanta Hawks,2011,-0.016449858,-0.070315078,-0.015297907,-0.077134627,-0.777211238,-0.072941526,-0.197444371,-0.298643359,0.962330487,0.954262372,44,0
206,-0.099291392,-0.055054476,-0.042901983,-0.097772331,-1.163018251,0.032084423,-0.137866351,-0.263125571,New Orleans Hornets,2011,-0.03303795,-0.003962711,-0.058150478,-0.173898496,-1.148037515,-0.143440917,0.032024233,0.102363223,0.944249121,0.953257885,46,0
207,-0.055100508,-0.020530348,-0.081569007,0.019609705,-1.353274535,-0.197155787,-0.023246246,-1.384980182,New Jersey Nets,2011,0.084461034,-0.032991872,0.104965759,-0.063311217,0.180333327,-0.054971093,-0.219561827,0.32406219,1.008538423,0.946226478,24,0
208,-0.048195683,0.047136943,-0.076045146,-0.064629168,-1.574217316,-0.106012089,0.031992359,-0.766318245,Charlotte Bobcats,2011,0.019491008,0.134271388,-0.073356228,-0.125516562,-0.469882611,0.000322546,-0.120033276,0.169672459,0.977398292,0.937186098,34,0
209,-0.3009123,0.000184129,-0.026330402,-0.045295656,-1.930180686,0.022417667,-0.090913537,-1.73724052,Milwaukee Bucks,2011,-0.146389911,-0.009492075,0.179612172,-0.08128165,-1.422347364,-0.129617507,0.105288305,-0.829378422,0.931190357,0.923123284,35,0
210,0.340480396,-0.010739249,0.124078747,-0.021478499,1.998049609,0.0577379,0.091803261,1.698279603,Denver Nuggets,2012,0.24907869,0.178351214,-0.182804211,-0.035392653,1.312856595,0.030072189,0.114505643,0.940197767,1.051319343,1.081446084,47.21212121,0
211,0.248677135,-0.074828318,0.207221323,-0.116746034,1.878705605,-0.02886895,-0.116053179,2.017159045,San Antonio Spurs,2012,-0.162100666,-0.010756591,0.009773461,-0.122139353,0.059856684,-0.0306505,-0.097156303,-0.342568498,1.002493247,1.077290671,62.12121212,0
212,-0.277892512,0.351277383,0.214149871,-0.042264143,1.728563149,-0.015011854,0.202660029,2.34504583,Oklahoma City Thunder,2012,-0.125667052,-0.026370997,-0.250466637,0.146775415,0.179570051,0.061301001,-0.04337335,-1.219811494,1.00664866,1.071057552,58.39393939,0
213,0.094516942,0.084528286,0.037471897,0.191574352,0.862356671,0.066398585,-0.045035562,-0.129892446,Utah Jazz,2012,-0.05106489,0.067315439,-0.078708172,-0.038862521,0.730251541,-0.021975831,0.010409604,0.718490248,1.028464575,1.035736547,44.72727273,0
214,0.286784149,-0.002078564,-0.087241967,0.120556735,0.700664795,0.071594996,-0.057160521,-0.373262451,Milwaukee Bucks,2012,0.084259961,-0.068009412,0.181531926,0.108606868,0.654433075,-0.013301161,0.150939257,0.29193079,1.025348016,1.028464575,38.51515152,0
215,-0.196482074,-0.022864208,-0.149598899,0.227949229,0.635218084,0.094112777,-0.01732137,-0.983448249,Sacramento Kings,2012,0.323680851,0.15059227,0.20929087,0.112076736,2.154840612,0.019662585,0.090216567,1.522364057,1.084562643,1.026386869,27.33333333,0
216,-0.116803772,0.032564176,0.046132582,-0.111549623,0.565921565,0.135684065,0.06928548,1.306484133,Miami Heat,2012,-0.151691062,-0.09750329,-0.236587165,-0.040597455,-0.989630503,0.073445539,0.251565428,-0.666815634,0.960939123,1.02327031,57.15151515,1
217,0.175927381,0.051617683,0.002829157,-0.057853376,0.535123113,-0.131065033,-0.058892658,0.500393391,Phoenix Suns,2012,0.054766083,-0.083623818,0.053146811,0.089522594,0.618519065,0.033542057,-0.057252822,0.151705862,1.024309163,1.022231456,41,0
218,0.033892147,-0.029792756,-0.03354572,0.032217748,0.465826595,-0.018476128,-0.012124959,0.128255784,Houston Rockets,2012,-0.110052646,0.006592749,-0.011045746,-0.037127587,0.422987231,-0.020240897,0.01734934,0.243218507,1.017037191,1.019114897,42.24242424,0
219,-0.163571471,-0.074828318,0.096364555,0.080717584,0.427328529,-0.122404348,0.067553343,-0.169762333,Minnesota Timberwolves,2012,0.065175687,0.070785307,0.108664699,0.03573964,1.021554068,0.073445539,-0.150939257,-0.021286008,1.039891959,1.017037191,32.3030303,0
220,-0.097750265,-0.104274647,-0.037009994,-0.012817814,0.40422969,0.199773134,0.162820878,0.3656137,New York Knicks,2012,-0.236702827,-0.003816855,0.020183065,-0.057946795,-0.422987231,0.050891397,0.28279424,-0.068282831,0.983793892,1.015998338,44.72727273,0
221,0.148213189,0.044689135,-0.149598899,-0.191227925,0.384980657,0.036952256,-0.081410439,0.693597897,Golden State Warriors,2012,0.247343756,-0.014226459,0.214495672,0.205763171,1.296894813,-0.013301161,0.027758944,0.783658363,1.051319343,1.015998338,28.57575758,0
222,-0.270963964,0.03602845,0.063453952,0.130949557,0.36958143,0.028291571,-0.064089069,-0.082623538,Indiana Pacers,2012,-0.160365732,0.107218921,-0.061358832,0.075643122,-0.48683436,-0.127806804,0.039903482,-0.587227678,0.980677332,1.014959485,52.18181818,0
223,0.000981544,-0.036721304,-0.156527447,0.085913995,0.327233558,0.085452092,-0.143767371,0.326808597,Los Angeles Clippers,2012,-0.028510749,-0.069744346,-0.207093287,-0.066621465,-0.335197429,-0.191999361,0.006939736,0.633815299,0.986910451,1.012881779,49.6969697,0
224,0.174195244,0.025635628,0.376970749,0.084181858,0.265636653,-0.20208265,0.060624795,0.376263358,Los Angeles Lakers,2012,0.106814103,-0.059334742,-0.1515754,0.013185498,-0.099761139,0.085590077,-0.376480676,-1.267257722,0.996260129,1.010804072,50.93939394,0
225,-0.061375388,-0.024596345,-0.146134625,-0.02667491,0.238688007,0.036952256,-0.046767699,0.213323926,Portland Trail Blazers,2012,0.013127667,-0.038515535,0.049676943,-0.035392653,0.411015894,-0.013301161,0.03469868,0.841118371,1.015998338,1.009765219,34.78787879,0
226,0.167266696,-0.057506948,0.056525404,-0.170442281,0.084695744,0.050809352,-0.071017617,0.46391649,Atlanta Hawks,2012,-0.052799824,-0.040250469,0.079170821,-0.066621465,-0.818041343,-0.021975831,0.064192558,-0.660542257,0.968211095,1.003532101,49.6969697,0
227,0.246944998,0.089724697,0.228006967,0.28510975,0.023098839,-0.087761608,-0.067553343,-0.22143365,Chicago Bulls,2012,-0.241907629,0.011797551,-0.250466637,-0.000693974,-2.130897938,-0.028915566,-0.149204323,-2.601662691,0.91626844,1.000415541,62.12121212,0
228,-0.007679141,0.00138571,0.214149871,-0.1479245,-0.119344004,0.101041325,-0.062356932,-0.011754576,Dallas Mavericks,2012,-0.058004626,-0.1235273,0.242254616,-0.044067323,-0.375101884,0.094264747,0.015614406,-0.52223418,0.984832745,0.995221276,44.72727273,0
229,-0.163571471,0.015242806,-0.15479531,0.139610242,-0.323383752,0.215362367,-0.012124959,-0.696821045,Memphis Grizzlies,2012,-0.191594544,0.046496231,-0.137695928,-0.037127587,-0.86592669,0.019662585,0.29146891,0.107538188,0.966133389,0.986910451,50.93939394,0
230,-0.109875224,-0.106006784,0.046132582,-0.014549951,-0.531273306,-0.096422293,0.038107014,0.369061245,Orlando Magic,2012,-0.05973956,-0.109647828,0.047942009,-0.144693495,-0.75818466,-0.020240897,-0.164818729,-0.080413333,0.970288801,0.978599626,45.96969697,0
231,-0.212071306,0.139956669,-0.101099063,0.04261057,-0.666016536,0.035220119,0.079678302,-1.130366798,Washington Wizards,2012,0.061705819,-0.06280461,0.049676943,0.105137,0.574624163,0.023132453,0.072867228,0.547225567,1.022231456,0.972366507,24.84848485,0
232,0.11876686,0.006582121,0.19163209,-0.080371157,-0.666016536,0.033487982,-0.387998688,-0.925099577,Philadelphia 76ers,2012,-0.158630798,-0.035045667,0.256134088,-0.077031069,-1.807671847,-0.200674031,-0.076337096,-1.712338225,0.928734677,0.972366507,43.48484848,0
233,-0.127196594,-0.131988839,-0.267384215,0.056467666,-0.804609573,-0.023672539,0.057160521,-0.636323336,New Jersey Nets,2012,0.268162964,-0.010756591,-0.002371076,0.051354046,0.742222877,0.031807123,-0.032963746,1.418070406,1.029503428,0.967172242,27.33333333,0
234,-0.132393005,-0.128524565,-0.146134625,0.156931612,-0.820008799,-0.070440238,0.095267535,-1.317762613,Cleveland Cavaliers,2012,0.247343756,0.126303194,0.068761217,0.002775894,1.045496741,0.030072189,-0.07807203,1.103145503,1.040930812,0.966133389,26.09090909,0
235,0.298909108,0.044689135,0.030543349,-0.418137871,-1.120293711,-0.015011854,0.029446329,0.482637677,Boston Celtics,2012,-0.262726837,-0.055864874,0.063556415,0.05308898,-1.823633629,0.014457783,0.126650181,-1.864427054,0.927695824,0.953667151,48.45454545,0
236,-0.264035416,-0.100810373,-0.262187804,0.04261057,-1.370531138,-0.08083306,0.122981727,-0.979457247,Detroit Pistons,2012,0.174476528,0.020472221,-0.083912974,-0.082235871,-0.159617823,0.097734615,-0.005204802,1.000998558,0.994182423,0.944317474,31.06060606,0
237,-0.004214867,-0.026328482,0.0703825,-0.092496116,-1.41287901,-0.134529307,0.067553343,-0.515426447,Toronto Raptors,2012,-0.099643042,-0.024636063,-0.063093766,-0.127344155,-0.594576391,-0.049734774,-0.159613927,-0.198973981,0.97652192,0.942239767,28.57575758,0
238,-0.028464785,-0.034989167,-0.073384871,-0.045728417,-1.68236547,-0.032333224,0.107392494,-0.572779227,New Orleans Hornets,2012,-0.009426475,0.075990109,-0.214033023,-0.033657719,-0.754194214,0.028337255,-0.081541897,0.026031208,0.970288801,0.930812383,26.09090909,0
239,-0.101214539,0.042956998,-0.24140216,-0.127138856,-2.363781232,-0.189957691,-0.008660685,-2.561089755,Charlotte Bobcats,2012,0.264693096,0.072520241,0.276953296,0.047884178,1.213095456,-0.013301161,-0.124915247,1.382936558,1.048202784,0.903802202,8.696969697,0
240,0.257439061,0.153596945,0.087150761,0.241887826,1.99952338,0.167916851,0.083137539,0.661601529,Denver Nuggets,2013,0.167231838,0.182426436,-0.20026754,0.143458908,0.819879552,0.025643736,0.15436434,-0.413308375,1.030265974,1.081145342,57,0
241,0.12062468,-0.084460078,0.156926095,-0.008482492,1.951269422,0.054360914,0.213111201,1.365702641,Houston Rockets,2013,0.060458986,0.105769004,0.002327101,-0.053660202,1.206489423,0.073554631,0.024320483,0.324886084,1.044532763,1.080126354,45,0
242,-0.083228749,0.278098032,0.256800594,-0.083730401,1.893967847,0.054360914,0.083137539,2.111355742,Oklahoma City Thunder,2013,-0.181833253,-0.135154353,-0.256391731,0.098285778,-0.423271151,0.046176977,0.027058248,-1.585779542,0.983389381,1.077069393,60,0
243,0.334055114,0.034568434,0.251328018,-0.340941438,1.227460054,0.076251215,0.01883478,1.553956231,San Antonio Spurs,2013,-0.07916705,-0.021537088,0.054344644,-0.004380425,-0.393275558,0.048914742,0.039378193,-1.238469844,0.984408438,1.049556741,58,0
244,0.104206954,0.027727715,-0.064713202,-0.32726,1.191269585,0.096773372,-0.06735828,2.452691775,Miami Heat,2013,-0.217424204,-0.217287315,-0.23038296,0.00793952,-0.833210927,0.013323792,0.120142272,-0.522235977,0.968103536,1.048537753,66,1
245,0.005700599,0.011309989,0.2663776,0.036666254,1.025396605,-0.086557899,0.054406519,0.617560675,Los Angeles Lakers,2013,0.142591949,-0.033857032,0.018753693,0.04353047,0.816546709,0.077661279,-0.179643041,-0.588039878,1.029246917,1.041404844,45,0
246,0.042640482,-0.102245948,0.360779523,-0.041317943,0.769047454,-0.098871193,0.059879094,0.49160012,Golden State Warriors,2013,0.160387424,-0.029750384,0.080353415,-0.011224838,0.606577555,0.042070329,-0.112567788,-0.561969275,1.022113523,1.031214972,47,0
247,0.126097255,0.045513584,0.181552684,-0.202758913,0.759999837,0.011948456,-0.065990137,0.41957783,Dallas Mavericks,2013,-0.012091797,-0.110514464,0.293899118,0.095548013,1.003185956,0.080399044,0.013369421,-0.015014698,1.036380312,1.030195985,41,0
248,0.197240733,0.055090591,-0.08523536,0.031193679,0.747936347,0.198016015,0.006521486,1.042299449,Los Angeles Clippers,2013,-0.002509618,-0.117358878,-0.304302626,-0.033126962,-0.936529082,-0.045538165,0.173528698,-0.002463198,0.964027311,1.030195985,56,0
249,-0.14479522,-0.107718523,-0.208368303,0.038034398,0.536825282,0.043415764,0.009257773,-0.12810916,Sacramento Kings,2013,0.334235528,0.131777775,0.087197829,0.079121421,1.926383664,-0.020898276,0.021582717,1.629226845,1.071028228,1.021025101,28,0
250,-0.321285772,-0.173389426,-0.138592968,-0.034477224,0.467460217,0.044783907,-0.279420571,0.714985309,New York Knicks,2013,-0.320090407,-0.128309939,0.073509001,-0.124842103,-0.639905992,-0.15915543,0.068124729,0.851051698,0.975236931,1.018987127,54,0
251,0.08505294,0.17685539,-0.000410443,0.209052375,0.202063449,0.062569777,-0.049572411,-1.129504571,Milwaukee Bucks,2013,0.108369881,-0.080399044,0.300743531,0.142090025,0.633240305,0.025643736,0.161208754,-0.263880954,1.023132579,1.007778268,38,0
252,0.061794496,0.128970357,-0.109861948,0.100969013,-0.009047617,0.069410496,0.024307355,-0.070308645,Utah Jazz,2013,-0.170882191,0.081129115,-0.124978991,-0.019438134,0.013331375,0.001003847,0.018844952,0.540525381,0.999694283,0.998607384,43,0
253,0.26427978,-0.07077864,0.07620561,-0.215072207,-0.027142851,0.033838757,0.036620649,0.52220068,Atlanta Hawks,2013,0.015285857,-0.096825637,0.166593026,0.017521699,-0.139979436,0.0680791,0.077706908,-0.25028288,0.993579945,0.998607384,44,0
254,-0.04081629,-0.092668941,-0.086603503,-0.056367525,-0.138730129,-0.138547363,0.014730348,0.075406755,Portland Trail Blazers,2013,0.178182899,-0.084505693,0.055713526,-0.019438134,0.713228554,0.070816865,-0.161847566,0.786065913,1.026189748,0.993512449,33,0
255,-0.066811023,-0.039311332,-0.152274406,-0.060471957,-0.211111066,-0.060563166,-0.093353013,-0.119608712,Toronto Raptors,2013,-0.024411742,-0.046176977,0.009171514,-0.052291319,0.169975029,-0.083866881,-0.031803708,0.609794155,1.005808621,0.990455487,34,0
256,-0.199520973,-0.040679476,-0.105757517,0.180321355,-0.29253962,-0.055090591,0.01883478,0.079195691,Brooklyn Nets,2013,-0.07916705,-0.042070329,-0.275556089,-0.050922437,-0.809881021,-0.034587103,-0.12351885,-0.060282908,0.969122592,0.987398526,49,0
257,-0.163949234,-0.118663673,-0.243940042,0.121491171,-0.386031663,0.010580312,-0.059149418,-0.977736304,Cleveland Cavaliers,2013,0.204191671,0.190639732,0.035180286,-0.035864727,0.853207989,-0.020898276,0.077706908,1.694457435,1.03128503,0.983322577,24,0
258,0.030327188,-0.046152051,-0.087971647,0.079078712,-0.57301575,0.083091934,0.02977993,-0.841322713,Minnesota Timberwolves,2013,0.024868036,0.082497998,0.06255794,-0.060504616,0.013331375,0.029750384,0.150257692,0.663065018,0.999694283,0.97517068,31,0
259,0.039904195,-0.076251215,-0.005883018,-0.357359164,-0.672539538,0.037943188,-0.015368815,0.361653364,Boston Celtics,2013,-0.084642581,-0.058496921,0.089935594,0.013415051,-0.68323296,-0.007209449,0.064018081,-0.76247517,0.985427494,0.983322577,41,0
260,0.05632192,0.018150708,-0.11396638,0.059924699,-0.711745879,0.026998038,0.117341134,-1.07011897,Phoenix Suns,2013,0.076885579,0.000365035,0.08309118,0.05858818,0.97985605,0.061234687,0.090026853,0.958696645,1.035361255,0.970075745,25,0
261,-0.098278331,-0.028366182,-0.101653085,0.103705301,-0.793174433,-0.089294186,0.066719813,-0.620075693,Detroit Pistons,2013,0.031712449,0.070178054,-0.031894967,-0.005749307,0.213301997,0.070816865,-0.090665665,0.576101415,1.006827678,0.967018783,29,0
262,0.078212221,-0.085828222,0.102200343,-0.034477224,-0.974126775,-0.152228802,-0.001687377,-0.937728962,Orlando Magic,2013,0.180920665,0.01268498,0.110468835,-0.03723361,0.833210927,-0.064702523,-0.235767232,0.526753642,1.030265974,0.958866886,20,0
263,-0.127009351,0.026359571,-0.152274406,0.09960087,-0.986190264,-0.163173952,0.00104891,-0.320925466,New Orleans Hornets,2013,0.138485301,0.097555708,-0.20026754,-0.109784393,-0.033328437,0.011954909,-0.145420973,1.454291852,0.99765617,0.958866886,27,0
264,-0.23098828,0.126234069,0.182920828,0.174848779,-1.106825159,-0.081085323,0.0475658,-0.641566132,Indiana Pacers,2013,-0.354312474,0.052382578,-0.186578713,-0.008487073,-2.30966069,-0.038693751,-0.131732146,-2.575931514,0.924284113,0.964980809,49,0
265,-0.310340622,0.07971718,-0.202895727,0.002462659,-1.1460315,-0.066035741,-0.053676842,-1.280930871,Charlotte Bobcats,2013,0.352031003,0.197484145,0.147428668,0.076383655,1.256482078,-0.096186825,-0.055074714,1.510815087,1.046570875,0.951733976,21,0
266,-0.135218214,0.020886996,-0.126279674,0.19673908,-1.152063245,0.087196366,-0.065990137,-0.946137328,Memphis Grizzlies,2013,-0.294081635,0.040062634,-0.244071787,-0.096095566,-2.406313158,-0.053751461,0.10371568,-1.200922534,0.910017324,0.951733976,56,0
267,-0.053129585,-0.061201633,0.156926095,-0.038581656,-1.19730133,-0.056458735,0.062615382,-1.037375965,Washington Wizards,2013,-0.06410934,-0.085874575,0.248725988,-0.016700369,-0.629907461,-0.000365035,0.001049477,-0.816724318,0.976255987,0.949696002,29,0
268,0.098734379,-0.005107737,-0.031877751,0.151590334,-1.206348947,-0.070140173,-0.029050254,-1.051389631,Chicago Bulls,2013,-0.368001302,0.077022467,-0.093494689,-0.019438134,-1.41979142,-0.053751461,-0.094772313,-1.17371694,0.946703353,0.949696002,45,0
269,0.072739646,-0.050256483,-0.060608771,-0.026268361,-1.20936482,-0.041409153,-0.167232779,-1.17509696,Philadelphia 76ers,2013,0.076885579,-0.033857032,0.228192748,-0.016700369,-0.423271151,-0.067440288,-0.023590412,-0.060141916,0.983389381,0.949696002,34,0
270,0.277974413,0.013835236,0.075524628,-0.048423327,1.673527314,0.096102353,-0.085550796,1.284501658,Los Angeles Clippers,2014,0.136210434,-0.134677027,-0.046659412,0.152639805,-0.015053401,-0.07864192,0.07864192,-0.907077439,0.999901,1.068211068,57,0
271,-0.064841724,0.097897431,0.244962489,0.033011924,1.611544821,-0.011602334,0.160068429,1.529603433,Houston Rockets,2014,0.021862016,0.09664851,-0.225410963,0.107951917,0.517836981,0.097480932,-0.06856524,-0.91436585,1.020691021,1.066231066,54,0
272,0.208360408,-0.117511943,0.044001305,0.16961299,1.431500436,0.115804429,-0.077669965,-0.271162586,Minnesota Timberwolves,2014,0.092836896,0.092705461,0.139978237,0.017261792,0.800840913,0.018619953,0.19036164,0.580149272,1.032571033,1.058311058,40,0
273,0.130865573,0.000700518,0.230514299,0.166986047,1.387227227,-0.230952123,-0.099998986,0.37251017,Portland Trail Blazers,2014,-0.170033032,-0.108390034,0.015115021,0.064578379,0.430527258,0.012048205,-0.284118581,-0.926331693,1.017721018,1.056331056,54,0
274,-0.013616324,0.150436302,0.22394694,-0.010332645,1.245552957,0.063265558,0.072065819,1.273891367,Oklahoma City Thunder,2014,-0.025454571,-0.118904831,-0.203067019,0.006746995,-0.295046652,0.051478694,0.061555375,-0.846359947,0.988020988,1.051381051,59,0
275,0.341021059,0.044045087,0.230514299,-0.174516618,1.050750836,-0.033931355,-0.027758037,1.498832495,San Antonio Spurs,2014,-0.17791913,-0.009813811,-0.013800671,-0.043198292,-0.833958394,-0.002409641,-0.084337435,-1.422242473,0.966240966,1.043461043,62,1
276,-0.317028307,-0.016374615,-0.012477982,0.043519699,1.021235363,0.076400276,0.074692762,0.874715591,Phoenix Suns,2014,-0.184490878,-0.071588244,-0.032201566,0.040920085,0.391388416,-0.022124886,0.074698871,0.028930748,1.015741016,1.041481041,48,0
277,0.171583198,-0.040017107,-0.126750028,-0.072065819,0.926785849,0.097415824,-0.119701062,1.158814326,Dallas Mavericks,2014,0.00477547,-0.129419628,-0.05454551,0.063264029,0.352249574,0.006790806,0.145673752,0.927084107,1.013761014,1.037521038,49,0
278,0.044176435,0.095270487,0.139884746,0.149910914,0.814627052,-0.019483165,0.136425936,-0.262727494,Denver Nuggets,2014,0.050777708,0.095334161,0.071632055,0.046177484,1.360827416,0.084337435,-0.0304491,0.149244047,1.054351054,1.033561034,36,0
279,0.141373347,0.026969954,0.273858868,0.001488601,0.785111579,0.015980573,0.060244573,0.474058943,Golden State Warriors,2014,-0.159518235,-0.058444747,0.079518153,-0.022168697,-0.385367056,0.025191701,0.040525781,-1.195902082,0.985050985,1.032571033,51,0
280,0.264839695,0.078195354,0.012477982,-0.196845639,0.469296019,-0.024737052,0.049736798,0.057418248,Los Angeles Lakers,2014,0.404337761,0.000700986,0.446221703,0.227557734,2.032209083,0.210515001,-0.048849995,0.320630349,1.081081081,1.01970102,27,0
281,0.055997681,-0.025568917,-0.280426227,-0.35183531,0.286300087,0.134193034,0.01427306,2.457717768,Miami Heat,2014,-0.070142459,-0.171478816,-0.250383607,-0.0116539,-0.882129276,0.048849995,0.220591681,0.496254857,0.964260964,1.011781012,54,0
282,-0.088484216,-0.05709224,-0.0768381,0.052714001,0.06493404,-0.069395093,-0.055340945,0.195383856,Toronto Raptors,2014,-0.112201648,-0.045301251,-0.138663887,-0.053713089,-0.73460595,-0.04446883,0.030010983,-0.24288826,0.97020097,1.002871003,48,0
283,-0.118694067,0.011208293,-0.112301838,0.395530138,0.008854642,0.075086804,-0.010682904,-1.319473963,Detroit Pistons,2014,0.258444951,0.021730581,0.001971524,0.02383354,0.912236077,0.052793044,0.037897081,1.126184887,1.036531037,0.999901,29,0
284,0.310811208,-0.079421261,-0.059762966,-0.238876736,-0.002951547,0.065892501,0.06549846,0.665442993,Atlanta Hawks,2014,0.127009987,-0.042672552,0.101862097,-0.016911299,0.114405845,0.055421743,0.060241025,0.27122996,1.004851005,0.999901,38,0
285,0.137432932,-0.0124342,-0.049255192,-0.011646117,-0.085594871,0.05013084,0.003765286,-0.156544301,Washington Wizards,2014,0.025805065,-0.087360439,0.029572867,-0.089200529,-0.400420456,0.001533408,0.148302451,0.279585806,0.984060984,0.996930997,44,0
286,-0.338043856,-0.089929035,0.059762966,0.12495495,-0.123964986,-0.056260375,0.062871516,-0.460865995,Sacramento Kings,2014,0.161183078,0.095334161,-0.05585986,-0.107601424,0.590093304,0.009419506,-0.111938778,0.730583019,1.023661024,0.994950995,28,0
287,-0.077976442,0.179332682,-0.163527238,0.050087058,-0.312864013,0.022547932,-0.094745098,-0.191261088,New Orleans Pelicans,2014,0.053406407,0.154479894,-0.095290349,-0.018225648,0.349238894,-0.069441473,-0.021248653,1.096214712,1.013761014,0.987030987,34,0
288,-0.01755674,-0.074167374,-0.071584213,0.071102606,-0.377798053,0.177537603,0.240190208,-1.539442633,Philadelphia 76ers,2014,0.44639695,0.225454775,0.342388081,0.106637568,2.19478581,0.13954012,0.249507373,1.55843852,1.088011088,0.985050985,19,0
289,-0.214577508,-0.025568917,-0.227887355,-0.032661665,-0.587357911,0.001532384,-0.181434236,-0.0028908,New York Knicks,2014,-0.244950961,-0.143877474,-0.013800671,-0.068170935,-0.403431136,-0.15355985,-0.010733855,1.083924453,0.984060984,0.976140976,37,0
290,-0.118694067,-0.099123338,-0.267291509,-0.228368962,-0.602115647,0.098729296,-0.013309847,0.730385478,Brooklyn Nets,2014,-0.106944249,-0.065016496,-0.021686769,0.034348337,-0.367302975,-0.028696634,0.124644158,0.658759503,0.985050985,0.975150975,44,0
291,-0.087170744,-0.10831764,0.024299228,0.123641478,-0.67590433,-0.066768149,-0.050087058,-1.14244209,Cleveland Cavaliers,2014,0.305761538,0.09796286,0.049288112,-0.070799634,0.123437885,-0.056297976,-0.075136988,0.245594939,1.004851005,0.972180972,33,0
292,-0.034631873,0.045358559,0.149079048,-0.156128013,-1.006477626,-0.171845892,-0.251048241,-0.952843616,Charlotte Bobcats,2014,-0.113515997,0.037502776,0.204381369,-0.144403214,-0.97244968,-0.1522455,-0.146111868,-0.93332012,0.961290961,0.959310959,43,0
293,-0.20144279,0.078195354,0.289620529,-0.07994665,-1.033041552,-0.104858831,0.047109855,-0.28687279,Indiana Pacers,2014,-0.367185478,-0.01112816,-0.117634293,-0.052398739,-2.140593567,-0.048411878,-0.106681379,-2.562101941,0.913770914,0.957330957,56,0
294,-0.102932406,-0.047897938,0.057136023,-0.132485521,-1.08912095,0.000218912,0.027407778,-0.797138926,Orlando Magic,2014,0.057349456,0.076933266,0.178094376,-0.04714134,0.231822369,-0.064184074,-0.072508289,0.176748908,1.00980101,0.955350955,23,0
295,-0.102932406,-0.05709224,-0.138571274,0.111820232,-1.154054991,-0.06020079,0.078633178,-1.197260034,Boston Celtics,2014,0.011347219,-0.017699908,-0.01905807,-0.031369145,-0.075267003,-0.027382284,-0.043592596,0.373241254,0.996930997,0.952380952,25,0
296,-0.016243268,-0.015061143,-0.110988366,0.072416078,-1.177667369,0.001532384,-0.101312457,-0.608753544,Memphis Grizzlies,2014,-0.226550066,0.030931028,-0.27272755,-0.112858822,-1.589639105,-0.051040578,-0.051478694,-0.346673161,0.936540937,0.951390951,50,0
297,-0.058274365,0.021716067,-0.277799283,0.099998986,-1.34000247,-0.116680077,0.048423327,-1.112443586,Milwaukee Bucks,2014,0.086265148,0.034874077,-0.003285874,0.086922323,0.653317587,0.013362555,-0.056736093,1.133937864,1.026631027,0.945450945,15,0
298,-0.184367657,-0.026882389,-0.175348484,0.011996376,-1.452161267,-0.078589395,-0.001488601,-0.882822029,Utah Jazz,2014,-0.021511522,0.019101881,0.038773314,-0.064227886,0.289025292,-0.016867487,-0.219715448,1.151739907,1.011781012,0.940500941,25,0
299,0.073072814,0.049298974,0.095226705,0.055340945,-1.779783016,-0.047066072,0.02872125,-1.155253287,Chicago Bulls,2014,-0.263351856,0.136078999,-0.134720838,-0.024797397,-2.273063493,-0.011610088,-0.0304491,-2.02356574,0.908820909,0.927630928,48,0
300,0.569690092,0.132675219,0.202132827,-0.051254034,2.363892921,0.164778921,0.0102422,1.983001328,Golden State Warriors,2015,-0.114756763,-0.129629447,0.042117715,0.09091736,-0.053655003,0.059016532,0.196491858,-1.547759406,0.998866818,1.099816697,67,1
301,0.289535801,0.020355296,0.069156366,-0.140335352,1.595265161,0.007272823,-0.213106612,1.65908466,Los Angeles Clippers,2015,0.125792725,-0.191706734,-0.010906635,-0.031943937,0.041273079,-0.111696008,-0.007845879,0.075304785,1.000866551,1.066822196,56,0
302,0.050694586,-0.02870398,-0.063820094,-0.044798866,1.238505862,0.036966595,-0.148554933,0.829608483,Dallas Mavericks,2015,0.030090241,-0.102470633,0.155926075,0.146528264,0.780061199,-0.04185906,0.209424626,0.502042114,1.022863618,1.051824696,50,0
303,-0.136505286,-0.046778451,-0.169684849,-0.015105093,0.945557168,-0.025003017,-0.155010101,0.981010591,Toronto Raptors,2015,0.081821313,0.025563772,-0.127301548,0.037893011,0.305420787,-0.087123748,0.006380166,0.594971451,1.008865485,1.039826696,49,0
304,-0.162325958,0.078451808,0.240863835,0.205661652,0.936855722,-0.046950588,0.036062872,-0.104259378,Oklahoma City Thunder,2015,0.010691088,-0.020994194,-0.091089797,0.031426627,0.594332342,0.009872013,-0.076389551,-0.406558524,1.017864285,1.039826696,45,0
305,0.017127712,0.017773229,-0.043163557,0.084304494,0.931054758,0.184144425,0.243919281,0.754249772,Houston Rockets,2015,-0.070785351,0.056602415,-0.047118385,0.103850129,0.160965009,0.118507266,0.213304457,-0.622091709,1.004866018,1.038826862,56,0
306,0.24951376,0.065541472,0.147909416,-0.111932613,0.754125349,0.029220394,-0.04010811,1.095546868,San Antonio Spurs,2015,-0.139329023,-0.040393346,-0.018666295,-0.103074163,-1.023572367,0.017631674,-0.013018987,-1.000469649,0.969870684,1.031828029,55,0
307,0.009381511,-0.068726022,-0.05865596,0.023625915,0.742523421,-0.040495421,-0.00783227,1.220844241,Cleveland Cavaliers,2015,0.216322103,-0.032633685,-0.220417479,-0.009958232,-0.45813118,0.009872013,-0.110014748,0.029213003,0.986868418,1.030828195,53,0
308,-0.009983993,-0.027412947,0.288632078,-0.01768716,0.661309921,-0.141196041,-0.077548085,0.518958336,Portland Trail Blazers,2015,-0.178127327,-0.124456339,0.124887432,0.012027474,-0.491149644,0.026684612,-0.230289492,-1.602303771,0.985868551,1.027828695,51,0
309,0.392818489,-0.017084678,-0.059946993,-0.22941667,0.603300279,0.141540317,-0.012996405,1.556670193,Atlanta Hawks,2015,0.160711199,0.01392428,-0.034185617,0.071518208,-0.97817198,-0.039272506,0.180972536,-0.467497225,0.970870551,1.024829195,60,0
310,-0.190728697,-0.01062951,-0.018633918,0.004260411,0.568494494,0.084734838,0.078666981,0.160480068,Phoenix Suns,2015,-0.094064334,-0.072725266,0.140406753,0.075398039,1.114373141,0.021511504,0.127948187,0.327321904,1.032862285,1.023829362,39,0
311,-0.024185363,-0.033868115,-0.005723582,0.154020308,0.345157371,0.008563856,-0.014287438,-0.872826834,Denver Nuggets,2015,0.112859957,0.143251962,0.181791612,0.008147644,1.692196252,-0.030219568,-8.62E-05,0.920718875,1.049860019,1.014830862,30,0
312,0.261133062,-0.128113567,0.035589493,0.022334881,0.321953514,0.051167965,-0.056891547,-0.605785843,Boston Celtics,2015,-0.011294618,0.048842755,0.148166414,0.000387983,0.404476177,-0.066431319,0.080096944,-0.078549044,1.011865085,1.013831028,40,0
313,-0.180400428,-0.089382559,0.091103938,0.002969377,0.31615255,-0.108920201,0.201315172,0.389762223,Sacramento Kings,2015,0.13613894,0.14842507,-0.230763694,0.006854367,1.704578176,0.10040139,-0.152692883,0.681448557,1.049860019,1.012831195,29,0
314,-0.033222598,0.106854547,0.173730088,0.085595527,0.185630855,-0.155397411,-0.041399144,0.109041729,Chicago Bulls,2015,-0.193646649,0.064362076,-0.076863752,0.09091736,-0.751170044,-0.026339738,-0.228996216,-1.858114725,0.977869617,1.007832028,50,0
315,-0.000946758,0.15074969,-0.047036657,0.063647956,-0.156626034,-0.1050471,-0.116279093,0.161209353,New Orleans Pelicans,2015,-0.138035746,0.105746935,-0.155753638,-0.029357384,-0.491149644,-0.10264307,-0.225116385,-0.105095477,0.985868551,0.993834361,45,0
316,0.209491718,-0.019666745,0.18534939,-0.039634731,-0.350958336,-0.043077488,0.072211813,-0.002466067,Washington Wizards,2015,-0.223392016,-0.055912668,-0.075570475,-0.092727948,-0.742915428,0.026684612,-0.041471077,-1.002817459,0.977869617,0.984835861,46,0
317,-0.046132934,-0.013211577,-0.035417355,0.204370618,-0.359659782,-0.014674749,-0.100786689,-1.039120612,Detroit Pistons,2015,0.183990182,-0.002888318,0.106781556,-0.020304446,-0.173346933,-0.080657364,-0.0401778,0.38636779,0.994867351,0.984835861,32,0
318,-0.118430815,-0.035159148,-0.013469784,0.076558292,-0.37126171,-0.07277126,-0.117570126,-1.138572951,Los Angeles Lakers,2015,0.205975888,0.003578066,0.180498335,-0.088848118,1.787124334,-0.030219568,-0.141053392,1.735769123,1.052859619,0.984835861,21,0
319,-0.038386732,-0.059688787,-0.030253221,-0.047380933,-0.403167014,0.084734838,-0.107241857,-0.147530103,Memphis Grizzlies,2015,-0.200113033,0.039789817,-0.05358477,-0.037117045,-1.671559712,-0.039272506,0.103375927,-0.61904796,0.950873217,0.982836194,55,0
320,-0.117139782,-0.068726022,-0.039290456,-0.060291269,-0.472778584,-0.075353328,-0.056891547,-0.298996521,Brooklyn Nets,2015,0.177523798,-0.027460578,0.053757206,0.057292163,0.301293479,0.01116529,-0.051817291,0.328215718,1.008865485,0.979836694,38,0
321,0.161723475,0.012609095,-0.107715236,-0.021560261,-0.516285816,0.199636829,0.252956516,0.093300691,Milwaukee Bucks,2015,0.031383517,-0.001595041,-0.105315842,0.05858544,-0.879116589,0.095228283,0.320646433,-0.434448793,0.973870151,0.977837027,41,0
322,-0.046132934,-0.085509459,-0.324608881,0.072685192,-0.536589191,0.043421763,0.069629745,-0.900977605,Minnesota Timberwolves,2015,0.163297753,0.072121737,-0.049704939,0.077984592,2.212237051,0.066776193,0.085270052,2.606720145,1.064858019,0.977837027,16,0
323,-0.064207404,-0.023539846,0.212461096,-0.047380933,-0.638106065,-0.167016713,-0.038817077,-0.57188978,Indiana Pacers,2015,-0.224685293,-0.009354702,0.060223591,-0.119886761,-1.002935827,-0.022459907,-0.170798759,-1.025668977,0.969870684,0.97283786,38,0
324,-0.148124588,-0.102292895,-0.065111128,-0.091276075,-1.026770668,0.016310058,0.056719409,-0.5164392,Orlando Magic,2015,0.147778431,0.061775523,0.105488279,-0.087554841,0.474640412,0.000819075,0.010259996,1.272847927,1.013864818,0.956840527,25,0
325,-0.225586604,0.123637984,-0.052200792,0.123035502,-1.160192845,-0.014674749,0.101905585,-0.151266036,Utah Jazz,2015,-0.275123089,-0.01452781,-0.325172902,-0.105660716,-1.725214715,0.051256871,-0.130707177,-0.420546073,0.948873484,0.950841526,38,0
326,-0.233332805,-0.027412947,-0.253602033,-0.188103595,-1.267510683,0.00985489,0.047682174,0.330573226,Miami Heat,2015,-0.075958459,-0.044273176,-0.246283016,0.00168126,-0.924516977,0.01504512,0.049058301,0.578439991,0.972870284,0.946842193,37,0
327,-0.197183865,0.070705607,0.175021121,-0.093858143,-1.392231414,-0.174762915,-0.259583822,-1.931958192,Charlotte Hornets,2015,0.010691088,0.060482246,0.300773079,-0.213002692,-0.908007745,-0.171186742,-0.18631808,-0.686299705,0.972870284,0.941843026,33,0
328,-0.15974389,0.121055917,-0.156774513,0.110125166,-1.911417712,0.199636829,0.356239204,-2.149265737,Philadelphia 76ers,2015,0.174937244,0.078588121,0.252921837,0.061171994,0.317802711,0.187050937,0.254689315,0.385144048,1.009865351,0.919846692,18,0
329,-0.078408774,-0.014502611,-0.276840638,-0.033179563,-1.931721086,-0.076644361,0.037353905,-1.40416829,New York Knicks,2015,-0.03069377,-0.052032837,0.014958902,0.006854367,0.404476177,0.031857719,-0.031124862,1.522632777,1.011865085,0.918846859,17,0
330,0.681201792,0.114394261,0.29729182,-0.047639983,3.28056607,0.056926449,0.081870811,3.120348308,Golden State Warriors,2016,-0.005922835,-0.088133456,-0.090135541,0.103691326,0.398872352,0.083295084,0.006923878,-1.359267715,1.013928119,1.119192182,73,0
331,0.069044661,0.100651958,0.227331005,0.270931584,2.026617163,-0.050513374,0.156828827,1.468863533,Oklahoma City Thunder,2016,-0.075995815,-0.041835237,-0.451762169,0.086173081,0.073126598,0.094556813,-0.139478598,-1.068125952,1.002240187,1.073411474,55,0
332,0.226456495,-0.048014774,0.032440164,0.01732363,1.050959789,0.11189566,0.183064132,0.296469096,Sacramento Kings,2016,0.198039588,0.038248168,0.038748689,0.089926991,1.741742603,0.098310722,0.160834173,0.984004561,1.062627837,1.038345401,33,0
333,-0.008411955,0.029441843,-0.166198579,0.094780247,1.041137735,0.221834084,0.159327427,0.686580496,Houston Rockets,2016,0.234327381,-0.003044838,-0.055099051,0.144984332,1.003828752,0.113326361,0.22590194,0.834725583,1.036329989,1.037371343,41,0
334,0.191476087,-0.073000779,-0.001290944,0.119766252,0.818504508,0.135632366,-0.065546621,-0.632597904,Boston Celtics,2016,-0.141063582,0.05451511,0.130093824,0.09743481,-0.043211171,-0.026819599,0.210886301,-0.633974103,0.99834421,1.029578882,48,0
335,-0.099610875,-0.03302317,0.059924769,0.117267652,0.664625661,-0.101734685,0.025652299,0.392869399,Portland Trail Blazers,2016,-0.072241905,0.021981226,-0.022565168,0.016100101,0.448731396,-0.016809173,-0.114452534,0.09105149,1.015876108,1.023734537,44,0
336,0.056551659,0.066920851,-0.008786745,-0.166323509,0.491102705,0.081912454,-0.145501838,0.895621489,Los Angeles Clippers,2016,-0.109781002,-0.184483803,0.158873798,0.142481726,-0.668111189,-0.075620424,0.100771619,-1.122396358,0.97594234,1.017890191,53,0
337,0.041560056,-0.111729087,0.053678268,0.023570132,0.445266453,-0.115476988,-0.081787524,0.986700636,Cleveland Cavaliers,2016,-0.08976015,-0.055599573,-0.162711127,-0.117789342,-1.183321311,-0.066861302,-0.109447321,-0.466284153,0.957436447,1.015942076,57,1
338,0.221459294,-0.104233286,-0.057509456,-0.138838903,0.376512074,0.080663154,0.008162095,0.157451452,Washington Wizards,2016,0.022857139,-0.063107392,0.155119888,-0.1015224,0.518534057,0.021981226,0.182106327,0.873569313,1.018798091,1.013993961,41,0
339,0.227705795,0.098153358,0.121140482,-0.105107796,0.23245528,0.041934846,-0.135507435,1.351907516,San Antonio Spurs,2016,-0.151074008,-0.111908217,-0.197747617,-0.134056284,-2.662472949,-0.064358695,0.043211671,-1.749626396,0.904840752,1.008149615,67,0
340,-0.062131867,0.039436245,0.168613893,-0.150082605,0.196441082,-0.060507776,-0.186728746,0.241877426,Charlotte Hornets,2016,0.091678815,0.052012503,0.252721538,-0.160333651,-0.541801611,-0.11315952,-0.095682985,-0.472501511,0.980812311,1.007175558,48,0
341,0.340142819,0.099402658,0.047431767,-0.21879412,0.045836252,0.129385864,0.058134106,0.630902557,Atlanta Hawks,2016,-0.024692383,0.005714285,0.168884223,0.112450449,-0.937350027,0.078289871,0.180855024,-1.465626632,0.966202396,1.001331212,48,0
342,-0.012159856,-0.08049658,-0.027526249,-0.090116193,0.013096072,-0.013034366,-0.096779127,-0.252169025,New Orleans Pelicans,2016,0.089176209,0.020729923,0.222690261,-0.155328439,1.047039924,-0.051845663,-0.065651708,1.431184704,1.037303984,1.000357154,30,0
343,-0.364462531,0.053178548,-0.012534646,-0.022653978,0.009822054,-0.009286465,-0.133008835,0.635929879,Toronto Raptors,2016,-0.05847757,0.044504684,-0.216517165,-0.090260672,-1.216560673,-0.136934281,-0.106944714,-0.399693008,0.956462453,1.000357154,56,0
344,0.11027157,-0.039269672,-0.183688782,-0.041393482,-0.068754379,0.01569954,0.064380607,0.501063421,Minnesota Timberwolves,2016,0.036621474,0.025735136,-0.220271075,0.028613133,0.894138855,-0.006798747,0.05071949,1.117014722,1.032434012,0.997434982,29,0
345,-0.018406357,-0.12547139,0.058675469,-0.128844501,-0.101494559,-0.104233286,-0.165490642,0.185981272,Dallas Mavericks,2016,-0.034702809,-0.054348269,0.191407681,0.017351405,-0.019943618,-0.033076115,-0.04688216,-0.099169646,0.999318204,0.996460924,42,0
346,-0.108355976,-0.019280867,0.056176869,-0.008911675,-0.137508757,0.123139363,0.049389004,-0.291237189,Indiana Pacers,2016,-0.151074008,-0.05059436,0.050010418,0.028613133,-0.6049564,-0.01180396,0.147069837,-0.826137122,0.978864323,0.995486866,45,0
347,0.131509675,0.013200939,-0.03127415,-0.013908876,-0.163700902,0.036937645,-0.030566213,-0.474664904,Orlando Magic,2016,0.089176209,0.052012503,0.082544302,-0.027695511,0.27588671,-0.029322205,0.075745554,0.608734777,1.010032142,0.994512809,35,0
348,-0.292003115,-0.127969991,0.053678268,0.208466571,-0.189893046,-0.087992382,-0.086784725,-1.162723974,Detroit Pistons,2016,-0.077247118,-0.05059436,0.036246083,-0.161584955,-0.358985117,-0.075620424,-0.100688198,0.070558675,0.987630272,0.993538751,44,0
349,0.037812155,-0.014283666,-0.020030448,0.10852255,-0.209537154,-0.043017572,0.028150899,-0.63508004,Denver Nuggets,2016,0.120458789,0.138352425,-0.042586019,-0.068988517,0.63154789,0.020729923,-0.071908224,0.82748734,1.022694068,0.992564694,33,0
350,0.052803758,0.079413854,0.193599898,0.066046341,-0.275017515,-0.185437803,-0.048056417,-0.935213247,Chicago Bulls,2016,0.025359745,0.073284658,0.080041695,0.143733029,0.122985642,0.014473407,-0.2571011,-1.338516273,1.004188176,0.989642521,42,0
351,-0.158327987,-0.116726288,-0.001290944,0.11102115,-0.484554669,-0.014283666,0.288005355,-0.895793731,Phoenix Suns,2016,0.01159541,0.053263807,0.045005205,-0.051470272,1.322926634,0.173388915,0.055724703,1.387516413,1.047043927,0.982824118,23,0
352,-0.148333585,0.15562117,0.096154477,-0.058883686,-0.703913877,-0.112978387,-0.030566213,0.222941977,Miami Heat,2016,-0.213639168,-0.086882153,-0.192742405,-0.063983304,-1.163377693,-0.039332631,-0.149489024,-1.040608741,0.958410441,0.974057599,48,0
353,-0.163325188,-0.070502178,-0.296125806,0.077290043,-0.959287284,0.100651958,-0.11177073,-1.023576303,Memphis Grizzlies,2016,-0.044713235,0.078289871,-0.028821684,-0.030198117,-0.362309053,-0.084379546,0.185860237,1.347447863,0.986656277,0.965291081,42,0
354,0.084036265,0.085660355,-0.21866919,0.004830628,-0.972383356,0.035688344,0.084369411,-0.242892312,Milwaukee Bucks,2016,0.231824775,0.069530748,-0.188988495,0.109947842,0.152901068,0.044504684,0.112033347,0.626012342,1.00516217,0.964317023,33,0
355,0.001582447,-0.092989583,-0.149957675,0.011077129,-1.080425951,-0.020530168,0.040643902,-0.830290836,Brooklyn Nets,2016,0.223065652,0.029489046,-0.018811258,-0.017685085,0.907434601,0.095808116,-0.021856096,1.504860992,1.032434012,0.960420793,21,0
356,-0.182064692,0.074416652,0.067420571,-0.005163774,-1.159002384,-0.22041821,-0.100527028,-0.882435894,New York Knicks,2016,-0.15607922,-0.079374334,-0.001293013,0.044880075,-0.432111715,-0.068112605,-0.315912351,-0.932396726,0.984708289,0.958472678,32,0
357,-0.340725826,0.023195342,-0.086243362,0.032315234,-1.339073376,-0.015532967,0.055635505,-0.098046952,Utah Jazz,2016,-0.325005154,-0.026819599,-0.265317991,-0.112784129,-1.848108564,0.010719498,-0.041876947,-0.441598774,0.934060582,0.951654274,40,0
358,-0.07837277,0.11064636,-0.161201378,-0.096362694,-1.411101772,0.045682746,0.204302237,-1.365702481,Philadelphia 76ers,2016,0.114202273,0.074535961,0.316538002,0.073660049,1.356165996,0.084546387,0.076996858,0.894078671,1.048017921,0.948732102,10,0
359,-0.436921946,-0.086743082,-0.111229367,0.029816633,-1.430745881,-0.063006377,-0.069294521,-1.977927639,Los Angeles Lakers,2016,0.243086504,0.064525536,0.226444171,0.053639198,1.153405884,-0.033076115,-0.178268997,0.959249041,1.041199961,0.947758044,17,0
360,0.783051547,0.204529615,0.167573852,-0.075430818,2.535977034,0.188885009,0.082534536,2.515699746,Golden State Warriors,2017,0.008227989,-0.093757933,-0.164107238,0.1626262,-0.339161912,0.090507877,0.157977386,-2.231506088,0.987782934,1.097641822,67,1
361,0.264439012,-0.045537712,0.011127791,0.07485595,2.400925002,0.047221252,0.11825844,1.719566299,Houston Rockets,2017,0.152629193,0.024725106,-0.002427257,0.057719342,1.017485735,0.080634291,0.112312048,0.260283081,1.037977081,1.091959466,55,0
362,0.273062023,-0.081261616,0.123226937,0.166013498,1.509581595,-0.078428341,0.101012418,0.861367288,Denver Nuggets,2017,0.143989805,0.018554115,-0.198664791,-0.075574078,1.434437076,0.060887117,-0.199940129,1.201521004,1.053130031,1.057865328,40,0
363,0.003284957,-0.076334181,0.103517197,-0.080358253,1.170450939,-0.114152244,-0.028332751,1.525975278,Cleveland Cavaliers,2017,0.208168118,-0.049326793,-0.016003438,0.087340102,0.401393455,-0.041551344,-0.136996014,-0.292304535,1.015247656,1.044606497,51,0
364,0.124007114,-0.065247452,-0.081261616,0.014494871,0.885341095,0.075554003,0.022173458,0.663088181,Washington Wizards,2017,0.018101575,-0.01476924,-0.093757933,0.045377358,0.457401844,-0.031677757,0.139464411,0.682374523,1.017141775,1.034188844,49,0
365,-0.009033631,-0.051697006,0.065329576,-0.114850298,0.759292532,-0.024226555,-0.101012418,1.234781437,Los Angeles Clippers,2017,0.04401974,-0.161638841,-0.045624198,0.00711721,-0.30804614,-0.067469509,-0.0740519,-0.533231154,0.988729993,1.029453547,51,0
366,0.263207153,-0.060320017,-0.048001429,-0.107459145,0.597230094,-0.018067262,-0.06898409,0.799686225,Boston Celtics,2017,-0.005348193,0.04447228,0.039535486,0.063890333,-0.052896812,-0.010696386,-0.003702595,-0.62084324,0.998200587,1.022824131,53,0
367,-0.150697387,0.023446378,0.016055226,-0.001519292,0.579223157,-0.071037188,-0.022173458,0.389479579,Portland Trail Blazers,2017,-0.20652252,0.05187747,0.050643271,-0.001522178,0.734332212,0.001645598,-0.113546246,0.145456797,1.027559428,1.021877072,41,0
368,-0.309607166,0.012359649,-0.030755407,0.178332085,0.519200032,0.050916828,0.149054909,-0.80978807,Phoenix Suns,2017,-0.046076738,0.056814263,0.043238081,0.010819805,1.975851504,0.038671548,0.09626747,1.596629862,1.073018278,1.019982953,24,0
369,-0.416778878,0.013591508,-0.075102322,0.048986916,0.31212025,0.055844263,-0.126881451,0.480319874,Toronto Raptors,2017,-0.085571084,0.003743735,-0.145594263,-0.00028798,-0.749890098,-0.104495458,0.069115106,-0.222878706,0.971682925,1.012406478,51,0
370,-0.165479692,0.023446378,0.103517197,0.210360413,0.249095969,0.02012036,0.105939853,-0.7075481,Oklahoma City Thunder,2017,-0.120128637,0.075327238,-0.190025402,-0.100258044,0.065343121,0.081868489,-0.018512975,-0.109393398,1.001988825,1.0095653,47,0
371,-0.122364636,-0.002422656,0.174965005,-0.135791896,0.045017344,-0.047631872,0.261154055,-0.095639093,Brooklyn Nets,2017,0.040317145,0.083966626,0.281438359,0.087340102,1.764264256,0.183072752,-0.064178313,0.002794801,1.065441803,1.001988825,20,0
372,0.104297374,-0.023364254,-0.242635112,0.131521453,-0.003001156,0.027511512,0.007391153,0.162430296,Minnesota Timberwolves,2017,0.050190732,0.0296619,-0.282590277,-0.031142938,0.280041945,-0.003291196,0.030854958,1.521119985,1.010512359,1.000094706,31,0
373,0.121543397,0.117067643,0.049315412,-0.012606021,-0.063024281,0.028743371,-0.052969926,0.644971274,San Antonio Spurs,2017,-0.121362836,-0.069073966,-0.169044031,-0.038548128,-1.901173651,-0.02180417,0.049367933,-1.779375997,0.929065252,0.997253528,61,0
374,-0.013961066,0.024678237,-0.043073994,-0.109922863,-0.12004625,0.045989393,-0.017246023,0.294351779,Indiana Pacers,2017,-0.028797961,0.02225671,0.017319917,0.05895354,-0.068454698,0.036203151,0.099970065,0.229917681,0.997253528,0.995359409,42,0
375,0.043936295,0.001272921,0.142936677,-0.135791896,-0.171065906,-0.074732764,-0.248835468,-0.286958548,Charlotte Hornets,2017,0.193357738,0.075327238,0.212323252,-0.122473614,-0.227145133,-0.114369045,-0.090096478,0.122879471,0.991571172,0.99346529,36,0
376,-0.171638986,-0.084957192,-0.124376672,0.125362159,-0.249095969,0.052148687,0.121954016,-0.837478861,Los Angeles Lakers,2017,0.314309174,0.062985255,0.079029833,0.0145224,1.496668619,0.081868489,0.054304726,1.989288839,1.055971209,0.990624112,26,0
377,0.016835403,0.078880022,0.174965005,-0.157965354,-0.306117938,0.007801772,-0.110867288,-0.729149741,New Orleans Pelicans,2017,0.08104569,-0.050560991,0.436947348,0.050314152,0.217810402,-0.035380352,0,-0.796507473,1.007671181,0.987782934,34,0
378,-0.085408873,0.08134374,-0.017204961,0.186955097,-0.306117938,-0.062414177,-0.006159294,-1.047060877,New York Knicks,2017,-0.085571084,-0.01476924,-0.027111223,0.150284216,0.619203857,-0.020569972,-0.103672659,-0.10908534,1.022824131,0.987782934,31,0
379,0.158499159,0.057938423,-0.182274033,-0.133328179,-0.483186157,0.042293817,0.001231859,0.688238265,Milwaukee Bucks,2017,0.146458202,-0.017237637,-0.124612891,0.016990797,-0.454290267,-0.027975162,0.075286098,0.392660472,0.983047637,0.981153518,42,0
380,-0.139610659,0.098589762,-0.039378418,0.050218775,-0.594228938,-0.053791165,-0.051738068,-0.617128635,Miami Heat,2017,-0.301555791,0.011148925,4.11E-05,0.00711721,-0.886799494,-0.093387673,-0.028386562,-1.01638359,0.966947628,0.977365281,41,0
381,0.101833657,0.009895932,0.069025152,0.013263013,-0.597230094,0.04968497,0.184778813,-0.621629653,Atlanta Hawks,2017,0.078577294,0.043238081,-0.018471835,0.055250945,-0.401393455,0.131236422,0.145635403,-0.919584586,0.984941756,0.977365281,43,0
382,-0.005338055,0.004968497,0.073952587,0.206664837,-0.669257844,0.013961066,-0.03941948,-1.233863868,Chicago Bulls,2017,0.10326126,-0.013535042,-0.048092595,0.0145224,-0.80278691,-0.03661455,-0.054304726,-1.019637235,0.969788806,0.974524103,41,0
383,-0.013961066,-0.080029757,-0.104666932,-0.143183049,-0.684263626,-0.005748674,0.070215949,0.226691662,Sacramento Kings,2017,0.105729657,0.038301288,-0.05920038,-0.006458971,0.280041945,0.076931696,0.001234198,1.270419554,1.010512359,0.973577043,32,0
384,0.115384103,0.038228683,-0.038146559,-0.029852044,-0.774298313,0.074322145,0.273472643,-0.722501388,Philadelphia 76ers,2017,0.004525394,0.070390445,0.080264031,0.067592928,0.650319629,0.089273679,0.119717238,0.247776165,1.02377119,0.969788806,28,0
385,-0.151929246,-0.097275779,0.124458796,0.09456569,-1.047403532,-0.071037188,-0.210647847,-1.770179316,Detroit Pistons,2017,0.090919277,-0.061668776,0.153081733,-0.216272687,-0.799675333,-0.099558665,-0.120951436,0.091773757,0.970735865,0.959371153,37,0
386,-0.043525676,0.008664073,-0.003654514,-0.029852044,-1.110427814,-0.063646036,-0.065288514,-1.566584832,Orlando Magic,2017,0.099558665,0.03706709,0.24317821,-0.039782326,0.525856542,-0.011930584,-0.092564875,0.513045321,1.019035894,0.957477034,29,0
387,-0.251709805,0.025910096,0.045619836,-0.074198959,-1.200462501,-0.100601798,-0.032028328,0.570202338,Utah Jazz,2017,-0.484217144,-0.094992131,-0.225817154,-0.110131631,-2.249670295,-0.041551344,-0.183895551,-1.710258972,0.91675348,0.953688796,51,0
388,-0.137146941,-0.055392582,-0.142854553,0.067464798,-1.25748447,0.026279653,-0.104707994,-0.959325685,Memphis Grizzlies,2017,-0.259593048,0.025959305,-0.055497785,-0.086681863,-1.428213921,-0.071172104,0.033323355,-0.069182811,0.947059381,0.951794678,43,0
389,-0.185189432,-0.100971356,-0.272199722,-0.226949444,-1.887727283,-0.021762838,-0.211879705,-0.61817189,Dallas Mavericks,2017,-0.138641612,-0.134486478,0.229602029,-0.128644606,-1.21040352,-0.119305838,0.099970065,1.247199019,0.954635856,0.927171134,33,0
